path	bytes	sha256
results/session-a-20260923/remote/run-01/optimized-q64--dense8--fixed-00.npz	12452769	c0aa697589829275a903ec18506dc338081c563625976c1cf6ce8e79ffbb537a
results/session-a-20260923/remote/run-01/optimized-q64--fused_ai_fp64--fixed-00.npz	12452780	3aa50bf06259d033020b0faf5aea560354a844df17268b0f15ad43eafa0f09cb
results/session-a-20260923/remote/run-01/optimized-q64--fused_fp64--fixed-00.npz	12452425	a1301819560353f1103bac41002292ade34a00dc7437482c13deee5b0a85c10b
results/session-a-20260923/remote/run-01/optimized-q64--ir-fused_ai64-fused_ai32--tol-00.npz	12452713	2900e0d41b71392a0c3a4c15ee5619d38cc6e0814e547eaccbfeb55b7ea20a6b
results/session-a-20260923/remote/run-01/optimized-q64--ir-fused_ai64-fused_ai32--tol-01.npz	12452871	769dd73e95f08ab7198c33ba7b7a9c85e638eeeede66e7b1a108231514a7b44e
results/session-a-20260923/remote/run-01/optimized-q64--ir-fused_ai64-fused_ai32--tol-02.npz	12452654	e8c1fb6fbe4d880715c0ca637e4dc96cdcc2f23b953ae19e500dcd1962265f87
results/session-a-20260923/remote/run-01/optimized-q64--ir-modal8-fused_ai32--tol-00.npz	12453023	d58d991c4137aa7e6be43e60ba46f63240dc65ff861eabc6a0fd491c9fbdb176
results/session-a-20260923/remote/run-01/optimized-q64--ir-modal8-fused_ai32--tol-01.npz	12452938	26ed1723d10439cc92803c8056a3eaa6a0b129358fab6d04578aa062f73fe3e3
results/session-a-20260923/remote/run-01/optimized-q64--ir-modal8-fused_ai32--tol-02.npz	12452849	b423bcd5b0bc1745bd7a13e932ca06fe88ea6793113f233b1f1deaaf197d33f8
results/session-a-20260923/remote/run-01/optimized-q64--ir-modal8-modal8_32--tol-00.npz	12452888	99d451d7d0a463d6dc7f21ad1959a1515d32df1743f7fcce5b862078fb9de75e
results/session-a-20260923/remote/run-01/optimized-q64--ir-modal8-modal8_32--tol-01.npz	12452741	7f46d8fb29b7963606635a3e11a902a29c4b089c3280b98c8c485c34572cec07
results/session-a-20260923/remote/run-01/optimized-q64--ir-modal8-modal8_32--tol-02.npz	12453227	ad139206a350e9db2c3a3cb72a7199e34ca9e6206cad5eb33a5c6be9e42ec6e2
results/session-a-20260923/remote/run-01/optimized-q64--modal8--fixed-00.npz	12452636	b47ee61a29d0e4197c2093fb47dea5e8751d159f4f8b46f267406a6b2c8b1012
results/session-a-20260923/remote/run-01/optimized-q64--node_fp64--fixed-00.npz	12452814	91f31f9d70b50bb604214db44a9724ec97f7ae06bb0ee7e2bd174b3b1aacf3cd
results/session-a-20260923/remote/run-01/optimized-q64--pcg64-fused_ai--tol-00.npz	12452508	8ccaffa5187604581ddbee385703bdf5ee8566f7e4ae48ed388e26cfadfae789
results/session-a-20260923/remote/run-01/optimized-q64--pcg64-fused_ai--tol-01.npz	12452790	bf4cf8ed6681617c8086805d57bae7de42c80656edb92f430fea1051273ead58
results/session-a-20260923/remote/run-01/optimized-q64--pcg64-fused_ai--tol-02.npz	12452665	ec146567f57a3a212cbbbeb2555d2cc482e6879265acaf882b83a311ed495d2d
results/session-a-20260923/remote/run-01/optimized-q64--pcg64-modal8--tol-00.npz	12452592	0c4926867487ed66b6d83429651373e1e80c75d55c1514778e9ed9a808ebf649
results/session-a-20260923/remote/run-01/optimized-q64--pcg64-modal8--tol-01.npz	12452550	1bcb0d9bb4a5b546aa3c89220fb5c31c62f47befeae8b3396a46432a2cc523a4
results/session-a-20260923/remote/run-01/optimized-q64--pcg64-modal8--tol-02.npz	12452417	c96ff5627782d979035a2c7652ec7fc7ee854131aae25f53c909304258532e10
results/session-a-20260923/remote/run-01/optimized-q96--dense8--fixed-00.npz	41608945	600e1f72a05bde0a6d76355b3214cf09b4daf0dd7760eafc4a2f1388ade493eb
results/session-a-20260923/remote/run-01/optimized-q96--fused_ai_fp64--fixed-00.npz	41608894	d51bdd7780022abccea2e8f966f1497d518aaf34bf18cc6e5f7bd93d74aabd2f
results/session-a-20260923/remote/run-01/optimized-q96--fused_fp64--fixed-00.npz	41608463	252ee629bd9b4ddfd1a0039a5790a36ad6555bd31157b9a9c06f86e164fd412b
results/session-a-20260923/remote/run-01/optimized-q96--ir-fused_ai64-fused_ai32--tol-00.npz	41607917	5d0692937a03d2791f26ddb2a64ca108745222dc9528ae390f75ee38371c0d70
results/session-a-20260923/remote/run-01/optimized-q96--ir-fused_ai64-fused_ai32--tol-01.npz	41608936	0a723c9ed70352a811f69d47e7b668e5c07aee941561c239c45f1f93a5135b21
results/session-a-20260923/remote/run-01/optimized-q96--ir-fused_ai64-fused_ai32--tol-02.npz	41608461	e05f38acbd90aeae390d4fa0e6ac742f814589b010923e8657dcf0921d7b8fd8
results/session-a-20260923/remote/run-01/optimized-q96--ir-modal8-fused_ai32--tol-00.npz	41608475	b31df0ccc9249dc6af3ae04efe8b0d189bfbf1861895d2f8f0e901723022f15a
results/session-a-20260923/remote/run-01/optimized-q96--ir-modal8-fused_ai32--tol-01.npz	41608623	7ac3a1b014155872db900cc0568acea97ac237489afe4cd3dcdc85a05770e58e
results/session-a-20260923/remote/run-01/optimized-q96--ir-modal8-fused_ai32--tol-02.npz	41609119	eef95c8339116108ae603394a365ecaa88fedcdb0c5a63128814e758afa00ae3
results/session-a-20260923/remote/run-01/optimized-q96--ir-modal8-modal8_32--tol-00.npz	41608907	1a9beff5f66d8edef26c2549a6c54d74c84f5db50697262221047293c43d318a
results/session-a-20260923/remote/run-01/optimized-q96--ir-modal8-modal8_32--tol-01.npz	41608697	d150fb7cd97b41b362f7d8699afd14666d07aa22f1e9cb45ef188bf88c98dbbf
results/session-a-20260923/remote/run-01/optimized-q96--ir-modal8-modal8_32--tol-02.npz	41608740	67e91dbf1386f0e81c74275a77befcd0f4595029b866d2f177b7d7ce53c8e621
results/session-a-20260923/remote/run-01/optimized-q96--modal8--fixed-00.npz	41608882	b0b5bf7a82a5cb24a4dd5bdc9b2609b55ce3ab9ad4f94e3b1ffbab889f45071e
results/session-a-20260923/remote/run-01/optimized-q96--node_fp64--fixed-00.npz	41608855	f968ece5fc01765e1be1b5b17020dcee78ec29d8bcfe1f3dced81d582fd3cea7
results/session-a-20260923/remote/run-01/optimized-q96--pcg64-fused_ai--tol-00.npz	41608731	c86d29cec84f9420185a989e58278c4bf0f3b51f21c9716b4ce8a79ca95d5494
results/session-a-20260923/remote/run-01/optimized-q96--pcg64-fused_ai--tol-01.npz	41608665	2cce5a66984fdacc83329a8af065008f1352393e996ed2ba53412b9321ef0b7e
results/session-a-20260923/remote/run-01/optimized-q96--pcg64-fused_ai--tol-02.npz	41608717	131196f55f3cc97fbe61ff6f268f092ca6ea75c5cf67da132f59db253cc21d15
results/session-a-20260923/remote/run-01/optimized-q96--pcg64-modal8--tol-00.npz	41608477	cba5b74e7cb067c9dfcbc1c94d1ba6681c3012d2c480008a4be90d69de9f5b0e
results/session-a-20260923/remote/run-01/optimized-q96--pcg64-modal8--tol-01.npz	41608636	a338d6a5acad852aed20c8d60ef8544c930d37c29900e701d93392e432af162f
results/session-a-20260923/remote/run-01/optimized-q96--pcg64-modal8--tol-02.npz	41608953	1d6e39dbd929f792d349dca4c7b7aac0e3fa5255c7db06107722cd2f89daa37a
results/session-a-20260923/remote/run-01/uniform-q64--dense8--fixed-00.npz	11988931	87afb22efc205d6ecea5be0ee37d49db2805608babb1d74f74309105a1a5c3f4
results/session-a-20260923/remote/run-01/uniform-q64--fused_ai_fp64--fixed-00.npz	11988131	2bff7066dd4599dc2af1310d662989fd5b82053bfbd2c8a1f173420759db318c
results/session-a-20260923/remote/run-01/uniform-q64--fused_fp64--fixed-00.npz	11988557	db0e01cf668e5398ecf6971ee2ce7827de719d57e9864266e34a53a9ef3b8c16
results/session-a-20260923/remote/run-01/uniform-q64--ir-fused_ai64-fused_ai32--tol-00.npz	12195380	d8a845d4341ced7cca952a84b5383cb9410bbeb113458162616ca63a0b974014
results/session-a-20260923/remote/run-01/uniform-q64--ir-fused_ai64-fused_ai32--tol-01.npz	12198841	abb57792e3e2fede3b1d822eec7eade6dac081b1d8d32267687217051ef624d8
results/session-a-20260923/remote/run-01/uniform-q64--ir-fused_ai64-fused_ai32--tol-02.npz	12216751	70b31bb0b94b9820b153ca99a475ad6d0da174ad1117aae32d30bfc40e2dbeba
results/session-a-20260923/remote/run-01/uniform-q64--ir-modal8-fused_ai32--tol-00.npz	12191119	c6f8b610a9b93f60f304d2c70514ed29965f9012049548c053b7b2cb95ee7659
results/session-a-20260923/remote/run-01/uniform-q64--ir-modal8-fused_ai32--tol-01.npz	12189636	65e0d8bf8a9fd4cc4074bacaf8eac9a714eb8b2d33957f7cee7f10a59f0d4123
results/session-a-20260923/remote/run-01/uniform-q64--ir-modal8-fused_ai32--tol-02.npz	12199666	0f4609cbc164f60e2196a65f7b371f0b921b71d0071e529c3f209be2d7537d8d
results/session-a-20260923/remote/run-01/uniform-q64--ir-modal8-modal8_32--tol-00.npz	12202954	e77385f76806f4b3ad05db4e426197359b0f644ee797dabd50243f55a0d9ebd6
results/session-a-20260923/remote/run-01/uniform-q64--ir-modal8-modal8_32--tol-01.npz	12196618	95f566cab3b5cf82aa60393d462c587c9622bb30415ddcc18801da59e5de12ba
results/session-a-20260923/remote/run-01/uniform-q64--ir-modal8-modal8_32--tol-02.npz	12204527	3cae832a93b35d96e5621761f4bd95b9653e807bf478119e85197706923d8936
results/session-a-20260923/remote/run-01/uniform-q64--modal8--fixed-00.npz	11903762	5f6280895692bc9f75bee1f4dce22b10a9dae43a5e658c202846fff07b65f681
results/session-a-20260923/remote/run-01/uniform-q64--node_fp64--fixed-00.npz	11990318	21cefed6e6625880c87f98d428cc1a8157d054c0a3f977ef2625de6bf43c8dc2
results/session-a-20260923/remote/run-01/uniform-q64--pcg64-fused_ai--tol-00.npz	11989181	b947516e12deb310004e6abd6e7e3863141700ad8f53f3b373f19175b678782a
results/session-a-20260923/remote/run-01/uniform-q64--pcg64-fused_ai--tol-01.npz	11990464	320c631c9decaf3b60cd71a24a5c9123b2e8147db838352307e4da96ba6132d5
results/session-a-20260923/remote/run-01/uniform-q64--pcg64-fused_ai--tol-02.npz	11988785	05274572de5a11ef4c47a42876f5e537962a8cba942c1dab15cf2937f225b154
results/session-a-20260923/remote/run-01/uniform-q64--pcg64-modal8--tol-00.npz	11902334	fb077f77536fc7ecd4f08566fe2330aa6d3889e6fb6691af70df5914f4831f9d
results/session-a-20260923/remote/run-01/uniform-q64--pcg64-modal8--tol-01.npz	11903967	5b0a8e2cd33daf78f251de19c6037da564cfc550b903480f45f553ed1748b726
results/session-a-20260923/remote/run-01/uniform-q64--pcg64-modal8--tol-02.npz	11904011	4ed8217891e404ff07b717a84ba364428393d00cb20d5e953eda7c05ca28df96
results/session-a-20260923/voxel-session-a-evidence.tar.gz	1322433511	63b3666abe762f6ead6da5e6e50ecd6c6d305b3ee716997ae9c7f86143baeeb3
results/session-b-20260923/remote/run-01/optimized-q64--dense8--fixed-00.npz	12452680	be3275e1efb876af93a594ee848ca097b3de516a8de8682ca6ec07fc93b841b0
results/session-b-20260923/remote/run-01/optimized-q64--fused_ai_fp64--fixed-00.npz	12452755	7cbfd8227346fb8fa737cc0fff821df192da60bc4baf41600ea5163da4a783e1
results/session-b-20260923/remote/run-01/optimized-q64--fused_fp64--fixed-00.npz	12452574	83b7d8654882d99fb0ad16c32c4a2d48588e3ac9ebaf4d522049a8df52ac6a1c
results/session-b-20260923/remote/run-01/optimized-q64--ir-fused_ai64-fused_ai32--tol-00.npz	12452784	ff6a9fc11b611efd52a48d813ba9e82dce7e9d2848a6f0afd68a9dcb793b4338
results/session-b-20260923/remote/run-01/optimized-q64--ir-fused_ai64-fused_ai32--tol-01.npz	12452926	e790feb0ab1ea315825dfdbd0951eab55f81aac780021b2745528d5656de5e21
results/session-b-20260923/remote/run-01/optimized-q64--ir-fused_ai64-fused_ai32--tol-02.npz	12452631	dc7476f4602cdb692f566c022cd036cb855c9ac0a6082d298840e81b180997a1
results/session-b-20260923/remote/run-01/optimized-q64--ir-fused_ai64-node32--tol-00.npz	12452733	3f6f55902547541b85ab87df1e414420f68edc398ea0772b21bbd1d2f23d7eb7
results/session-b-20260923/remote/run-01/optimized-q64--ir-fused_ai64-node32--tol-01.npz	12452576	409624cc5bb7c876a12c256516e94167c817fb76232e872d8915e9b51c8be30e
results/session-b-20260923/remote/run-01/optimized-q64--ir-fused_ai64-node32--tol-02.npz	12452856	025711642fe3f205c707ea1c980abcaf422dda7dc7d59da768732fe9db4486b9
results/session-b-20260923/remote/run-01/optimized-q64--ir-modal8-fused_ai32--tol-00.npz	12452706	38f821bafd3ed483dda613b9622bc2e5b6b61fdded7803854f03b6e783c97173
results/session-b-20260923/remote/run-01/optimized-q64--ir-modal8-fused_ai32--tol-01.npz	12452689	a8ce95b05e24591bb0df44365096942b7c761ce5c0de5239f52e4366f58927ad
results/session-b-20260923/remote/run-01/optimized-q64--ir-modal8-fused_ai32--tol-02.npz	12453010	4d9f89b75c0bd7aac5dd457d0929bc3b000059dad2960c0be98b3f08a44570ed
results/session-b-20260923/remote/run-01/optimized-q64--ir-modal8-modal8_32--tol-00.npz	12452825	af9962f51c265f450ce58371030f9c1fb67fdd58408266d7fee3d16cdc9ce7a2
results/session-b-20260923/remote/run-01/optimized-q64--ir-modal8-modal8_32--tol-01.npz	12452687	d4428352606d6e4b164789cc1cab018665049359529751a7bb16259091a3fe86
results/session-b-20260923/remote/run-01/optimized-q64--ir-modal8-modal8_32--tol-02.npz	12452703	ee3194e5558f20262c32cf4cf9e50b1584ef90254e7bbae33e12f2c149dae094
results/session-b-20260923/remote/run-01/optimized-q64--ir-modal8-node32--tol-00.npz	12452640	f2813b50bad4e970c4716e11ba047d9bcfe29bf18392dface99ea06dab2bfaf1
results/session-b-20260923/remote/run-01/optimized-q64--ir-modal8-node32--tol-01.npz	12452727	d428f762ce13a296732db2485217e877563cb75fc41908ef1a71ef2f41f6a2ee
results/session-b-20260923/remote/run-01/optimized-q64--ir-modal8-node32--tol-02.npz	12452928	69b80634b053edbcd1386fbafba3a69b10ca772ca3c1f994b25a134f5761c546
results/session-b-20260923/remote/run-01/optimized-q64--modal8--fixed-00.npz	12452707	81a9f04d6361958a0505b90f5a3931d71175d07810e5faf2dd2b070a0ab996aa
results/session-b-20260923/remote/run-01/optimized-q64--node_fp64--fixed-00.npz	12452796	b4f676b8172c6dedc18533643bca4156958965819b9589f68281284ac1857ee6
results/session-b-20260923/remote/run-01/optimized-q64--pcg64-fused_ai--tol-00.npz	12452522	d5a9a464f98fa87a2e1e99f76be6d3c9a8a86cd5d2a91c641512be730579bc53
results/session-b-20260923/remote/run-01/optimized-q64--pcg64-fused_ai--tol-01.npz	12452990	622f9909c0e906a97162b7248bfb63241fa7de86e51b4a961a63687aabd2d20e
results/session-b-20260923/remote/run-01/optimized-q64--pcg64-fused_ai--tol-02.npz	12452634	3178976b715e0b5e4b092875246e918a4b9d7db2686571134725b5394ddb87a6
results/session-b-20260923/remote/run-01/optimized-q64--pcg64-modal8--tol-00.npz	12452525	a3b1e8a7e2a8b3bfa258780ac49b67d790e9f2e14f024c7a5697d985398c579a
results/session-b-20260923/remote/run-01/optimized-q64--pcg64-modal8--tol-01.npz	12452721	25d59798fdc5196128200ea24533fdc72c3105645b28aa6cc9f31c7b501b2504
results/session-b-20260923/remote/run-01/optimized-q64--pcg64-modal8--tol-02.npz	12452971	48049de45c071012a760975366a61e48d671f311e3b92ac82f17815decf58bd0
results/session-b-20260923/remote/run-01/optimized-q96--dense8--fixed-00.npz	41609017	2bb91e5410673fdfd78d7c22b00d82b54063f92e62c46242a55e892140dfaa6a
results/session-b-20260923/remote/run-01/optimized-q96--fused_ai_fp64--fixed-00.npz	41608897	41276fe19263d74d888ec0ed194ef8366581d72dc5a1d76de2b68501a55643f7
results/session-b-20260923/remote/run-01/optimized-q96--fused_fp64--fixed-00.npz	41608687	02d796f6ae9513f703cc1ce962a3ce14eeec779642e5145dd155f5b67a40d167
results/session-b-20260923/remote/run-01/optimized-q96--ir-fused_ai64-fused_ai32--tol-00.npz	41608850	c57c9853068c8cb749673bf508acb1b80ebeebd043bd4bfecb11baac8ef29c2a
results/session-b-20260923/remote/run-01/optimized-q96--ir-fused_ai64-fused_ai32--tol-01.npz	41609482	7316c35c1a1caa5a41ef8bd396732c4ac8c2411f34f89a3650d432e874e561e4
results/session-b-20260923/remote/run-01/optimized-q96--ir-fused_ai64-fused_ai32--tol-02.npz	41609057	1b6593663611b561c9ad04cc0e6802ad81bcd4b6b4cd99254a1a2d7cb421a4a8
results/session-b-20260923/remote/run-01/optimized-q96--ir-fused_ai64-node32--tol-00.npz	41608763	35a3e3e95efe773c58252799eb3a2c723f1f6484c308e6276bc91ec5a74a7e62
results/session-b-20260923/remote/run-01/optimized-q96--ir-fused_ai64-node32--tol-01.npz	41608330	88a6e420a73e19b7de597070deda852a575b87a9064e0ca75f1afcb24440b493
results/session-b-20260923/remote/run-01/optimized-q96--ir-fused_ai64-node32--tol-02.npz	41608489	826602d53022a3c0047e484c4e68dcddd18e0d8d17854d498b97b732cd93e11c
results/session-b-20260923/remote/run-01/optimized-q96--ir-modal8-fused_ai32--tol-00.npz	41608509	7ce9d25afad6b9407099c3011e8ee5e2e23bfbaa7527a6cb6755ed3d84a1b3fd
results/session-b-20260923/remote/run-01/optimized-q96--ir-modal8-fused_ai32--tol-01.npz	41609443	c9d67612c693735356a39e29cbe0dc3e89cc0aeeecb35702b284bc4f18e815cc
results/session-b-20260923/remote/run-01/optimized-q96--ir-modal8-fused_ai32--tol-02.npz	41608731	3aab2f87985ae673b4a5075cdde8cf72769a38f3cb816856cc170fdf3f0f44e4
results/session-b-20260923/remote/run-01/optimized-q96--ir-modal8-modal8_32--tol-00.npz	41608571	d5cd9ca713e13a58de650abab4caae69709bd3ead8f2321225a2287ed22eec0e
results/session-b-20260923/remote/run-01/optimized-q96--ir-modal8-modal8_32--tol-01.npz	41608485	8051563c5bf3a08c8d49e3a5bd88556d1fd2c51ecc2931078555cee64e4a00f5
results/session-b-20260923/remote/run-01/optimized-q96--ir-modal8-modal8_32--tol-02.npz	41608819	0f7d93fb35a4dc5c15848f5bb0b9cf998fe4ba70ce79a040fb5674041d024c49
results/session-b-20260923/remote/run-01/optimized-q96--ir-modal8-node32--tol-00.npz	41608854	6c77d928ff48106f6941d2f23898a89b775710ad1fa47c0d8acdff7f29441000
results/session-b-20260923/remote/run-01/optimized-q96--ir-modal8-node32--tol-01.npz	41608276	d772074f4e62cd12b6c227ec7b6a8f8df0f521636315e014d2aaa3a311711e3e
results/session-b-20260923/remote/run-01/optimized-q96--ir-modal8-node32--tol-02.npz	41609119	8c72e499e0ec9f7df12bfc9b715631219c2f50c246b2ab87d6a1778eda231c16
results/session-b-20260923/remote/run-01/optimized-q96--modal8--fixed-00.npz	41608819	810d57ad629f357a8e6d1464277595b885e7dd5b61de17aae870e25056cec78e
results/session-b-20260923/remote/run-01/optimized-q96--node_fp64--fixed-00.npz	41608692	f82820effb9a675f1312bb5840c2b37a1287f88d19ba4805b5deedf57a161e7c
results/session-b-20260923/remote/run-01/optimized-q96--pcg64-fused_ai--tol-00.npz	41608368	464cc80f47b2189767b3aebe9384acb769009039944487bc94abfca08dc01a08
results/session-b-20260923/remote/run-01/optimized-q96--pcg64-fused_ai--tol-01.npz	41608617	ad4a2de2464ad5e7d6c31669cff782a191c6b5c8a125773119583c9e434fcd46
results/session-b-20260923/remote/run-01/optimized-q96--pcg64-fused_ai--tol-02.npz	41608815	538f8f46459e65a48468695a5b41393ed7f0b922d6a2f43b90f1e34e2f3d3722
results/session-b-20260923/remote/run-01/optimized-q96--pcg64-modal8--tol-00.npz	41609053	12f87e3380c4e73802436c587e348b94ec7ed4c6a6eaaa43fa2642b70482c947
results/session-b-20260923/remote/run-01/optimized-q96--pcg64-modal8--tol-01.npz	41608446	135c4473c0f98db734891ac7282c3babd2b0c05a285ba7d9a4183f5979a78da4
results/session-b-20260923/remote/run-01/optimized-q96--pcg64-modal8--tol-02.npz	41608776	cd3a7fc9b4064ccaa3d5329f18f859841d310c8f03b1ec028fb86394a5c67d31
results/session-b-20260923/remote/run-01/uniform-q64--dense8--fixed-00.npz	11986318	3d8d1b355ea8db185ffb9d7c2a815b034299e27bf5bf2d003e159b1003a6ffb9
results/session-b-20260923/remote/run-01/uniform-q64--fused_ai_fp64--fixed-00.npz	11991150	860042c9d6bf60807033ca1c17039878572c7747fe9f88d2034adba182b18b99
results/session-b-20260923/remote/run-01/uniform-q64--fused_fp64--fixed-00.npz	11990512	2b6a902aa6918cc2703b5af026af8b4d5a6cadeba62cf6f3a1af89f7805d9fe2
results/session-b-20260923/remote/run-01/uniform-q64--ir-fused_ai64-fused_ai32--tol-00.npz	12201906	253984cee8d320c893cbfb74019b39b3227169363ef7f1e6f67461123a696c3b
results/session-b-20260923/remote/run-01/uniform-q64--ir-fused_ai64-fused_ai32--tol-01.npz	12228327	da2179b2fd0558eb0ffaad7d27e6918d657325eb95209844638fb1ef06d13724
results/session-b-20260923/remote/run-01/uniform-q64--ir-fused_ai64-fused_ai32--tol-02.npz	12197698	41e332aaa14d9b2c7cc9bf74144506869c10831315aa31f603f64c4171f2147f
results/session-b-20260923/remote/run-01/uniform-q64--ir-fused_ai64-node32--tol-00.npz	12202675	21774aee1c92eff968f51be2735c7417623be775add5e62c7bec8edaf6691af9
results/session-b-20260923/remote/run-01/uniform-q64--ir-fused_ai64-node32--tol-01.npz	12205709	2a3ea52c03dc2761fe09eb05087929d5bc2ef1e65331a8c8d2c98e2b5ba36e53
results/session-b-20260923/remote/run-01/uniform-q64--ir-fused_ai64-node32--tol-02.npz	12202838	2dddc0cfe1a84845ca50ebd0156c13391ad9f0dbae23109a6726c86be58c727d
results/session-b-20260923/remote/run-01/uniform-q64--ir-modal8-fused_ai32--tol-00.npz	12206685	e16b39292bbc9510eba1d09330a43a4a7757416edb0b57b52b8af8ac036cbf72
results/session-b-20260923/remote/run-01/uniform-q64--ir-modal8-fused_ai32--tol-01.npz	12210129	c18514049f30728db61b50b126fc7483324470da9563cc873947ba9ef7917457
results/session-b-20260923/remote/run-01/uniform-q64--ir-modal8-fused_ai32--tol-02.npz	12197870	8e106cfa2a99d4df63e3360064ee4304b80601ed67c2b6c1b70260c26b863696
results/session-b-20260923/remote/run-01/uniform-q64--ir-modal8-modal8_32--tol-00.npz	12205487	221011fccf8e3bdc06a9c1d40f3b7901770467833b214ef2e2fc4ca7fc1175ff
results/session-b-20260923/remote/run-01/uniform-q64--ir-modal8-modal8_32--tol-01.npz	12192983	558e85d474adf10862d5418e3ce37136786552a8d1621011129fba53b90ac224
results/session-b-20260923/remote/run-01/uniform-q64--ir-modal8-modal8_32--tol-02.npz	12197568	a4ca4e69a13faf6f7538abb3d2cbb1c2a8c612831bb652779705a324d8614ccb
results/session-b-20260923/remote/run-01/uniform-q64--ir-modal8-node32--tol-00.npz	12205039	f767ff812a42e0ff72cbed06838cd405e4751126259242d058cf8865afe6e97c
results/session-b-20260923/remote/run-01/uniform-q64--ir-modal8-node32--tol-01.npz	12204359	7b379c56725012507feb328d9dd749bce09b35800d2d3935d50a73660ea2c978
results/session-b-20260923/remote/run-01/uniform-q64--ir-modal8-node32--tol-02.npz	12202104	167bdcfd5f06867273cc0484d368a381753f55b1bc6c1a5fd5ba22903a33ee8e
results/session-b-20260923/remote/run-01/uniform-q64--modal8--fixed-00.npz	11903564	eaa74309846a3d1c30b5606253776d77f0934eceacb4a4624a2014a0c00275f8
results/session-b-20260923/remote/run-01/uniform-q64--node_fp64--fixed-00.npz	11990318	21cefed6e6625880c87f98d428cc1a8157d054c0a3f977ef2625de6bf43c8dc2
results/session-b-20260923/remote/run-01/uniform-q64--pcg64-fused_ai--tol-00.npz	11992411	ea73aeafd30c835b25f304af5a224baeddfff513b73d541d3973a0419d9dbff2
results/session-b-20260923/remote/run-01/uniform-q64--pcg64-fused_ai--tol-01.npz	11987140	be04564a953585c0d0ae10e829b46f5239dbb4ae61dfc2b479b41e8cbef1f151
results/session-b-20260923/remote/run-01/uniform-q64--pcg64-fused_ai--tol-02.npz	11988071	a4abc1f76d170e0d3e025d109c48d516130fb2bbdf36e5bde42d00c08b6d66bf
results/session-b-20260923/remote/run-01/uniform-q64--pcg64-modal8--tol-00.npz	11903171	3e0376813141d1daf2841a5c872c7ca9e5dd90c1b28f98374d918d4c63b21d53
results/session-b-20260923/remote/run-01/uniform-q64--pcg64-modal8--tol-01.npz	11902909	d212694f98e55e16787f986cdf036c7f3c4b693aef104f09c0b122552493ec6a
results/session-b-20260923/remote/run-01/uniform-q64--pcg64-modal8--tol-02.npz	11904071	33eaab7248d2c6c29218b41bbe6889125c28cac55587be048af595f475034488
results/session-b-20260923/voxel-session_b-evidence.tar.gz.part000	1572864000	132d53d061847e4ece1687795154072776bcad42f074f3fd54f301c925859960
results/session-b-20260923/voxel-session_b-evidence.tar.gz.part001	147208236	bc2340e8dd5a6477046a99e84fc78f4d8ca9518a43d0ea2a7d255365777f99ad
results/session-c-20260923/remote/run-01/optimized-q64-E1e-6--ir-fused_ai64-fused_ai32--tol-00.npz	12453048	e93e5cefe9e0b2ee9400a330073b990ced6acc2ed2639f8ce43999cf3d0ca4b2
results/session-c-20260923/remote/run-01/optimized-q64-E1e-6--ir-fused_ai64-fused_ai32--tol-01.npz	12453146	cc41f3da9c7353fbb777f06b8023aefb8b1dda4fcab925d0423fdc3ff29ff135
results/session-c-20260923/remote/run-01/optimized-q64-E1e-6--ir-fused_ai64-node32--tol-00.npz	12452986	912f916b0ed1172aae4fd3545e3a6f996f60279120dbdceacceeed351bd1f445
results/session-c-20260923/remote/run-01/optimized-q64-E1e-6--ir-fused_ai64-node32--tol-01.npz	12452880	895ea0bd9d53f38ddbc6414c160c250f395f72c520647f4d12aa9ac76ed5f78f
results/session-c-20260923/remote/run-01/optimized-q64-E1e-6--ir-modal8-node32--tol-00.npz	12452729	85ec84808c17b2f1d12d24907a397f96e5f4ef7787e0cff3699b8c6b9d688c0e
results/session-c-20260923/remote/run-01/optimized-q64-E1e-6--ir-modal8-node32--tol-01.npz	12452838	fbb834e95507ce093e310debca354cd4764ca21260d722faa7b68c756a968e56
results/session-c-20260923/remote/run-01/optimized-q64-E1e-6--pcg64-modal8--tol-00.npz	12452535	f776fb0e3bc79d5711d36c3fb6b703ce224a73d0a190f8cd036f355eaa400bc1
results/session-c-20260923/remote/run-01/optimized-q64-E1e-6--pcg64-modal8--tol-01.npz	12452692	f1a78f9a01b66b44a1424471d17a3539797b8935edf58072f25cada5eee139bc
results/session-c-20260923/remote/run-01/optimized-q64-E1e-9--ir-fused_ai64-fused_ai32--tol-00.npz	12456221	98d26d2b4708f908b0509b7e21a4a570da5038aa257554c75dd6a3537297d901
results/session-c-20260923/remote/run-01/optimized-q64-E1e-9--ir-fused_ai64-fused_ai32--tol-01.npz	12456309	061b90b7d26e6c56e1a361169d0e98da642398ddeef3c05d01f5d5ef9db334b5
results/session-c-20260923/remote/run-01/optimized-q64-E1e-9--ir-fused_ai64-node32--tol-00.npz	12455803	df2ffb8e614ce568186100333892e755d50b8786d46107c5d82ef88b0a1a5592
results/session-c-20260923/remote/run-01/optimized-q64-E1e-9--ir-fused_ai64-node32--tol-01.npz	12456159	ce76d40e13a7a0198c840e3863d758ba23bece54738f4b91dcb8e45195cca085
results/session-c-20260923/remote/run-01/optimized-q64-E1e-9--ir-modal8-node32--tol-00.npz	12455949	915c79c43d2ae339259e4f35fcda53591d2c12d68c7ec6f1b68f5e6a0d7e839b
results/session-c-20260923/remote/run-01/optimized-q64-E1e-9--ir-modal8-node32--tol-01.npz	12456207	add2b40ed45d9aae1c7f5b30c3ee7b276cb67c9a864885b27cb1df003be27f28
results/session-c-20260923/remote/run-01/optimized-q64-E1e-9--pcg64-fused_ai--tol-00.npz	12456215	40fc6186ac37266f876fbf2d2f7c62b91d5f57c4c2f4541ecb5c4b249b21748c
results/session-c-20260923/remote/run-01/optimized-q64-E1e-9--pcg64-fused_ai--tol-01.npz	12456217	f349d72fae6e97335fcf3aa74a7edc74dabef16b8a1a6e29b3d507e5beff5464
results/session-c-20260923/remote/run-01/optimized-q64-E1e-9--pcg64-modal8--tol-00.npz	12456320	8ba4a821656193ed34dc38271dc7506c333e54995e5072bfe818ef01fdcd73ea
results/session-c-20260923/remote/run-01/optimized-q64-E1e-9--pcg64-modal8--tol-01.npz	12455821	c5fa4811922dc0657c969a10947a4a99ea1b52a735d82534671187e21915099f
results/session-c-20260923/remote/run-01/optimized-q96-E1e-6--ir-fused_ai64-fused_ai32--tol-00.npz	41608900	653c795a591e4bb11c226d91c960109aba9439c6ca3bc0b4adea2e5b132eed39
results/session-c-20260923/remote/run-01/optimized-q96-E1e-6--ir-fused_ai64-fused_ai32--tol-01.npz	41608942	f87931757882251b438b76e72c30cb8de05a1a53e513693019dadda9a3dc5ec7
results/session-c-20260923/remote/run-01/optimized-q96-E1e-6--ir-fused_ai64-node32--tol-00.npz	41607711	3cde594b5944c6c6b84ecc64e8057e758caef2d202a77aabc546c0e7c4f42371
results/session-c-20260923/remote/run-01/optimized-q96-E1e-6--ir-fused_ai64-node32--tol-01.npz	41608083	e9a12a6b94e08d78d5b2cb49329a85b7d12860dbfa985da42026b636fc36ab70
results/session-c-20260923/remote/run-01/optimized-q96-E1e-6--ir-modal8-node32--tol-00.npz	41609128	169c33107c404c1c29451b6dc9025f7f1b9d99a0418c64e5f0ba4754704aa00d
results/session-c-20260923/remote/run-01/optimized-q96-E1e-6--ir-modal8-node32--tol-01.npz	41608767	fc7719db7357d990e146eb0427ebd483a3ceb1215c2a531699222b9e02789cf7
results/session-c-20260923/remote/run-01/optimized-q96-E1e-6--pcg64-modal8--tol-00.npz	41608962	d2d8600a470875a1bd88e46027859c5724b265d6b2fa722cd5d779d7a85dd9c4
results/session-c-20260923/remote/run-01/optimized-q96-E1e-6--pcg64-modal8--tol-01.npz	41608495	16357196dac951f241dbc3599adebf526430b95da3c5d98a2d6cda955680cacb
results/session-c-20260923/remote/run-01/optimized-q96-E1e-9--ir-fused_ai64-fused_ai32--tol-00.npz	41614885	4efafb1f7d77da0c1fa8bf843d390c82d740c325e083e27ec41522a3656a3700
results/session-c-20260923/remote/run-01/optimized-q96-E1e-9--ir-fused_ai64-fused_ai32--tol-01.npz	41615620	76884c40fdb40cf3e24bd139d29976dde796a95e9e9550c74f2eb24a959f9161
results/session-c-20260923/remote/run-01/optimized-q96-E1e-9--ir-fused_ai64-node32--tol-00.npz	41615528	77f087835f8a67b2b36460fbee20d2c028b04992c08c6b6b51f4024b55fc5787
results/session-c-20260923/remote/run-01/optimized-q96-E1e-9--ir-fused_ai64-node32--tol-01.npz	41615522	58f132b7b15d92188ad2863a4d9adf8fc71097138bd9a25ceeeeab5f221ee679
results/session-c-20260923/remote/run-01/optimized-q96-E1e-9--ir-modal8-node32--tol-00.npz	41614943	eb0c36b0fb36f08f690422bb9413a183d43fa0975dca09ab17a6d026201c8708
results/session-c-20260923/remote/run-01/optimized-q96-E1e-9--ir-modal8-node32--tol-01.npz	41615307	a455a6c25cc901b9c8b9a14819ac1cb6d6dfa6992ca1b0919dca7f65b0168891
results/session-c-20260923/remote/run-01/optimized-q96-E1e-9--pcg64-fused_ai--tol-00.npz	41615473	b9959d30ac75ee1a159e8acddaeb05d9fe236cff1f7c294756d4db581e6272ab
results/session-c-20260923/remote/run-01/optimized-q96-E1e-9--pcg64-fused_ai--tol-01.npz	41615378	e2d6cb04a9267ca50db216f11e2cf282eafb7808b560dbc92d87a6664e8497b1
results/session-c-20260923/remote/run-01/optimized-q96-E1e-9--pcg64-modal8--tol-00.npz	41615792	ce740ebb7c2b9a7f907929587b9c159b987f2cb7e544e1fd90e953f6132360e5
results/session-c-20260923/remote/run-01/optimized-q96-E1e-9--pcg64-modal8--tol-01.npz	41615176	62649e5131f9d6d29e8e4edaba644a7976d7a7d65d414a9b7f51df607f494725
results/session-c-20260923/voxel-session_c-evidence.tar.gz	973797038	08ba23312789170ec0c1692d188169ef79ff505b7d0e64846a3cc7ac3a3e28ed
results/session-d-20260923/remote/run-01/optimized-q64--mg32-fused_ai64-fused_ai32--tol-00.npz	12452898	3895af8a992caadca8f90ce17b497a9a36d8ce4bb68faadf299a11a1b7d9cc8e
results/session-d-20260923/remote/run-01/optimized-q64--mg32-fused_ai64-node32--tol-00.npz	12452807	9c01b8886157df39c032d655bd27c92917e2d3552f0c400725b515097cefc627
results/session-d-20260923/remote/run-01/optimized-q64--mg32-modal8-modal8_32--tol-00.npz	12453057	89aad5ea456841bdbd841facdfb4cb71060a16d9fcb1304506575810a1001afd
results/session-d-20260923/remote/run-01/optimized-q64--mg32-modal8-node32--tol-00.npz	12452804	fc5963aa67ba009cb5e541031e49e6282959c627559dd2033f5d537c36345bde
results/session-d-20260923/remote/run-01/optimized-q64--mg32-node64-node32--tol-00.npz	12452829	b389099846ba5558b5c4ad4f7ad634e8cce2193ee5d2cdd2e861d0ef4f38c32c
results/session-d-20260923/remote/run-01/optimized-q64--mg64-dense8--tol-00.npz	12452974	29d91000c4e7bc6d6c151bb4ad1bc12332c21b3c3838ea75f916e05e199c33d3
results/session-d-20260923/remote/run-01/optimized-q64--mg64-fused--tol-00.npz	12453049	84acbe4e6fc4c66a6361041736e52b07b8eb8fb6dec2353e549ca22015bfb22e
results/session-d-20260923/remote/run-01/optimized-q64--mg64-fused_ai--tol-00.npz	12453119	66652fac4f7deadf15390278c59b7d179de07e7432a75a8cd13624cb95297719
results/session-d-20260923/remote/run-01/optimized-q64--mg64-modal8--tol-00.npz	12452954	0e3d72f0d03e5777367010526bc7903847832b8deadfb8ec396305a1ec8ddae8
results/session-d-20260923/remote/run-01/optimized-q64--mg64-node--tol-00.npz	12452661	c82443116603d9e92ac0c0fa67fc5889b04f0a9fadb24dd8052c33d9a2979c50
results/session-d-20260923/remote/run-01/optimized-q96--mg32-fused_ai64-fused_ai32--tol-00.npz	41608383	2c36a437c7cdc28932a347c3fd27afee2dabb5f1204d07204ebe07ec82c308bc
results/session-d-20260923/remote/run-01/optimized-q96--mg32-fused_ai64-node32--tol-00.npz	41609362	4701b43da44c3ad9f1d026d827ccc0999dfc5ccb6c2ad704826fd37785fad7bf
results/session-d-20260923/remote/run-01/optimized-q96--mg32-modal8-modal8_32--tol-00.npz	41608960	620a4db4664f3c41073c5fd860be37ee09c354f5b3e49629af5a5ee52a0d3fb3
results/session-d-20260923/remote/run-01/optimized-q96--mg32-modal8-node32--tol-00.npz	41609074	b34a17b9da9d47b27b62671d710e4727f293fd0b3d40a1628f5fe681d15c5f50
results/session-d-20260923/remote/run-01/optimized-q96--mg32-node64-node32--tol-00.npz	41609101	f6ed5e3b8844c0ffce93bd35ec55673e308e27c039d1b82e95860b7b424c83c3
results/session-d-20260923/remote/run-01/optimized-q96--mg64-dense8--tol-00.npz	41608908	78c72ef66db413ff0aa5697a41f1e521ba72d8e7e6150030233a4cff5e183076
results/session-d-20260923/remote/run-01/optimized-q96--mg64-fused--tol-00.npz	41609014	c49599c120085a06791a30db92b15acdfd80f64beb204596e79ffdb4c43af6b3
results/session-d-20260923/remote/run-01/optimized-q96--mg64-fused_ai--tol-00.npz	41609245	5522d7307d0dadcecc1cd5edfe2fff0ccf7bebf6b1d978c95db9741f82cd3ec9
results/session-d-20260923/remote/run-01/optimized-q96--mg64-modal8--tol-00.npz	41608811	88443c3a5badea8dea75e2aae53eaf9bcd6fe6de1ec89daff3e6b351af395874
results/session-d-20260923/remote/run-01/optimized-q96--mg64-node--tol-00.npz	41608377	aa0d997f5a9efe578469e3b00517c0ca86b4689bf57bd8ad0b279ffa85f0d71e
results/session-d-20260923/remote/run-01/uniform-q64--mg32-fused_ai64-fused_ai32--tol-00.npz	12026290	d5722cfb8e73267bcce26e2284f1405ce0c283a72df31f24fe0344dc9421a340
results/session-d-20260923/remote/run-01/uniform-q64--mg32-fused_ai64-node32--tol-00.npz	12011220	90aab1ab0ffa14e7931ec6635a763d497e630b5a52a75b9b11cda6dee453100f
results/session-d-20260923/remote/run-01/uniform-q64--mg32-modal8-modal8_32--tol-00.npz	11938529	390e379e00ea6c7ac4b37897d3ee2f0af1ed7a34a43aef83a9235722593f0b1d
results/session-d-20260923/remote/run-01/uniform-q64--mg32-modal8-node32--tol-00.npz	11939208	72f557d8f95261a65cbe176d8a61dc582de7531379c16126fbc967df760ac077
results/session-d-20260923/remote/run-01/uniform-q64--mg32-node64-node32--tol-00.npz	12019374	7dfc5f26d6cbbc68c5f23911b1d8cf17eb6d2ecd8b8935cde311bd67cdeafc6d
results/session-d-20260923/remote/run-01/uniform-q64--mg64-dense8--tol-00.npz	12012781	d7917e1e01a1f408ddfc382c8ab7626f442b6fec3094349e241d77df038f0fbf
results/session-d-20260923/remote/run-01/uniform-q64--mg64-fused--tol-00.npz	12018047	71646ad0304da26f20beba9196dd17a8ee1e05190162b7addb59729535d7906b
results/session-d-20260923/remote/run-01/uniform-q64--mg64-fused_ai--tol-00.npz	12020843	53f5f8ca33ac52a750252e960ef999bcad1fb4f51b44b1c543118e8e00debdbe
results/session-d-20260923/remote/run-01/uniform-q64--mg64-modal8--tol-00.npz	11784611	dfef48f70f748597b536d1b51113da92042e7696546f564804527c5e554b51a7
results/session-d-20260923/remote/run-01/uniform-q64--mg64-node--tol-00.npz	12023947	4d83e55fab7e2c6ffd137dea458fd78ac21cd3abd91696cb2a26db6f31dabd61
results/session-d-20260923/voxel-session_d-evidence.tar.gz	660285603	8a6f02e99afbd10938791e62757dcc66a98ff3a09becbd4b78424d01b0bf587a
results/session-e-host1-20260925/remote/run-01/optimized-q64--mg32-fused_ai64-node32--tol-00.npz	12452959	aff1464343ae4e805d15a1baba33535c27d38febd7a39f5a4bec143371fc89cc
results/session-e-host1-20260925/remote/run-01/optimized-q64--mg32-modal8-node32--tol-00.npz	12452731	e3744c04a09b5f50fb125b301cf58522010f7c4b5c04c884d7b9288989f4beb3
results/session-e-host1-20260925/remote/run-01/optimized-q64--mg32-modal8_muladd-node32--tol-00.npz	12452886	aaa1cbce788b651a1dfb67e66d7eeb0e1bd9c9f0bd2a4ceacfd026940761df97
results/session-e-host1-20260925/remote/run-01/optimized-q64--mg32-node64-node32--tol-00.npz	12452986	3223c38f539dab0587b8dc0bd3aec7f4569444a4cc8d9fb6e825b0f1776fd825
results/session-e-host1-20260925/remote/run-01/optimized-q64--mg64-dense8--tol-00.npz	12453032	8a6545366b1dd79a2ec49ed9205d87503af5fd58e0b88985c1d0131dd13a5094
results/session-e-host1-20260925/remote/run-01/optimized-q64--mg64-fused--tol-00.npz	12452889	e5db9bf44a07c7c4b66bce1ad95acccbda8b68013d3a9a62c12abd0edf148c1a
results/session-e-host1-20260925/remote/run-01/optimized-q64--mg64-fused_ai--tol-00.npz	12452820	c8c5073a921adc94a092999534c3f2ac54ae49f4b115fdadb383e12406199652
results/session-e-host1-20260925/remote/run-01/optimized-q64--mg64-modal8--tol-00.npz	12453141	6aad6cdc23bf33bfadb79cbb877ea407a929f6e1108bb839aa015b74eda9ff88
results/session-e-host1-20260925/remote/run-01/optimized-q64--mg64-modal8_muladd--tol-00.npz	12452881	351b80ffb5de788979dfd389c1efa127f39d38b3fcaff8c996fdf0145eefe9d3
results/session-e-host1-20260925/remote/run-01/optimized-q64--mg64-modal8_signbit--tol-00.npz	12452918	64757828c955bc2df1ed5de15d09cec61dc00acf8b49c6969f3106e23908d6b7
results/session-e-host1-20260925/remote/run-01/optimized-q64--mg64-node--tol-00.npz	12453029	cb60a2abe2132c4030bddbbb8f70ffb1f232db5ead3ae5bb93b29284cb4adfc7
results/session-e-host1-20260925/remote/run-01/optimized-q96--mg32-fused_ai64-node32--tol-00.npz	41608577	d80cc4cefc22e8b561863385ce0ce90a310f7386c93334efdced3de7c1f504d1
results/session-e-host1-20260925/remote/run-01/optimized-q96--mg32-modal8-node32--tol-00.npz	41608832	053f47f13b4ebf5d653764fda95d4ca5ffd13a8d708d8188503ff236d9c30cb6
results/session-e-host1-20260925/remote/run-01/optimized-q96--mg32-modal8_muladd-node32--tol-00.npz	41608667	91d1989ab1df868f3985442329f553f26455161b8ba5251552d7671558902ed3
results/session-e-host1-20260925/remote/run-01/optimized-q96--mg32-node64-node32--tol-00.npz	41608647	5c2204fa91426e1a1ccce8d65a1cd7b9efada2423710021537b172c07f4021a3
results/session-e-host1-20260925/remote/run-01/optimized-q96--mg64-dense8--tol-00.npz	41608921	0c6cad370376dc89743cbd565c56a18b1838fae7796f4c3f4127c81f87facdf3
results/session-e-host1-20260925/remote/run-01/optimized-q96--mg64-fused--tol-00.npz	41608613	a313f5ce47a0229a975dfaae790146d8cccb45ff9d1574b68be2c2a352780c60
results/session-e-host1-20260925/remote/run-01/optimized-q96--mg64-fused_ai--tol-00.npz	41608454	ea4cb6a220eb8367dd1dd7fc71cf85651e4f8e58b9d9fbc3a6293238b568ee59
results/session-e-host1-20260925/remote/run-01/optimized-q96--mg64-modal8--tol-00.npz	41608954	c47ea249ef9a7e234714c7bb9b388569c817f5df05f40c02016ac7d192ce27db
results/session-e-host1-20260925/remote/run-01/optimized-q96--mg64-modal8_muladd--tol-00.npz	41608987	b3cadc3516d2030381f3bf65992621151d785465fcae26aa868ba08a3aff5b5d
results/session-e-host1-20260925/remote/run-01/optimized-q96--mg64-modal8_signbit--tol-00.npz	41609002	449af2871aedcb72df44644ad82e8ba61f16529ef6329588df1a2ce6211047bf
results/session-e-host1-20260925/remote/run-01/optimized-q96--mg64-node--tol-00.npz	41608759	9a6c8bccda1ee3569f72ff4a2929b216a83ae2e50771013209785c8e9aa706e2
results/session-e-host1-20260925/remote/run-01/uniform-q64--mg32-fused_ai64-node32--tol-00.npz	12025173	a1c736ac405c59edfc15c3ad2418db614a846d223f2703de41d2817f2744b71d
results/session-e-host1-20260925/remote/run-01/uniform-q64--mg32-modal8-node32--tol-00.npz	11944085	7d1fa56b6d8e0923291cdb8efaa0b6bf065456a48677b55a4ec65908e8058b80
results/session-e-host1-20260925/remote/run-01/uniform-q64--mg32-modal8_muladd-node32--tol-00.npz	11939896	51ef8dc6210a3376a377ab3e0f8ca67ce706117a6940f4964b35f666b2a00817
results/session-e-host1-20260925/remote/run-01/uniform-q64--mg32-node64-node32--tol-00.npz	12019374	7dfc5f26d6cbbc68c5f23911b1d8cf17eb6d2ecd8b8935cde311bd67cdeafc6d
results/session-e-host1-20260925/remote/run-01/uniform-q64--mg64-dense8--tol-00.npz	12021442	0ab72c0dba71bb6304e36093973eeac95c664498f125d7c4acb95da252d7db6f
results/session-e-host1-20260925/remote/run-01/uniform-q64--mg64-fused--tol-00.npz	12013926	846ff3a8be892de84cfe0e43358f0fab840878f054c370c701220c76ebaa4547
results/session-e-host1-20260925/remote/run-01/uniform-q64--mg64-fused_ai--tol-00.npz	12020905	cf8928c169c6cf7f1da217b30bae1199befcc211e1c76c11628cbd1fa036c788
results/session-e-host1-20260925/remote/run-01/uniform-q64--mg64-modal8--tol-00.npz	11796891	f2478408aadceddd6dd6fbba85e9deb6c995befcbeb75ea6d14edfc81c3c755c
results/session-e-host1-20260925/remote/run-01/uniform-q64--mg64-modal8_muladd--tol-00.npz	11790785	2a1064662657002848330863546d09dd0fe769febd8b4fcbf3c98fa31fd4ee81
results/session-e-host1-20260925/remote/run-01/uniform-q64--mg64-modal8_signbit--tol-00.npz	11783889	30973921ce2eb287df5a930ccd436202089dff6a4e4acde02c075f4bdc2478ee
results/session-e-host1-20260925/remote/run-01/uniform-q64--mg64-node--tol-00.npz	12023855	e8f019c83352bd60314956ec61c59a6d5929c3afc78534fa1ba07face5e8b8cf
results/session-e-host1-20260925/voxel-session_e-evidence.tar.gz	725872310	65fb57097332c00505f55e0cc8a8e442934e23c4af6412cc3438ef347be34a7b
results/session-e-host2-20260925/remote/run-01/optimized-q64--mg32-fused_ai64-node32--tol-00.npz	12452874	44dff71edaf31334e84efef3195c12b9f51041efb0b6b112d853b906081e2647
results/session-e-host2-20260925/remote/run-01/optimized-q64--mg32-modal8-node32--tol-00.npz	12452957	f522dc630b85072ebf30db78ae849813a14f566d4d74a6ae58bf194fc35a58bd
results/session-e-host2-20260925/remote/run-01/optimized-q64--mg32-modal8_muladd-node32--tol-00.npz	12452873	2ed9704ea35710ac0f74cb1815468c5a22db0087a44a07fd69e24ba7fe23cf72
results/session-e-host2-20260925/remote/run-01/optimized-q64--mg32-node64-node32--tol-00.npz	12452986	3223c38f539dab0587b8dc0bd3aec7f4569444a4cc8d9fb6e825b0f1776fd825
results/session-e-host2-20260925/remote/run-01/optimized-q64--mg64-dense8--tol-00.npz	12452853	0fe51a2d41593398b769e9507370a3b6b8cf8e6fb2fd36919c4257495e7ec0c4
results/session-e-host2-20260925/remote/run-01/optimized-q64--mg64-fused--tol-00.npz	12452903	4a7618292df39672ba2b5113738d4191a73fecbd8d444018b3f13f461780c081
results/session-e-host2-20260925/remote/run-01/optimized-q64--mg64-fused_ai--tol-00.npz	12452946	0b0a275bed600704b24b6f4ca40c171cb3d4ff082219d7200fdb0f846c7d1c0a
results/session-e-host2-20260925/remote/run-01/optimized-q64--mg64-modal8--tol-00.npz	12453025	5a922d3147cbed8e3022c0a68bcada328257b9294a00d1024a9c297f8b9320c4
results/session-e-host2-20260925/remote/run-01/optimized-q64--mg64-modal8_muladd--tol-00.npz	12452987	d9d13fe25553b2c7c6d05b78d47120d7b53d38d0cfd5e79b22011564f84e60be
results/session-e-host2-20260925/remote/run-01/optimized-q64--mg64-modal8_signbit--tol-00.npz	12453290	bb7f059306f25b161e52d534027c9132f49bb4409a11eb677e660a5504cfb3eb
results/session-e-host2-20260925/remote/run-01/optimized-q64--mg64-node--tol-00.npz	12453029	cb60a2abe2132c4030bddbbb8f70ffb1f232db5ead3ae5bb93b29284cb4adfc7
results/session-e-host2-20260925/remote/run-01/optimized-q96--mg32-fused_ai64-node32--tol-00.npz	41608996	c5efb917ac8efd38760368b72ce5324eebb28e0a3da2b57e7a800b0c057aba5a
results/session-e-host2-20260925/remote/run-01/optimized-q96--mg32-modal8-node32--tol-00.npz	41608691	6e2a7ce6487e1215e6491e3216d3a5a468563078cb73e2e84a607672c4d0176f
results/session-e-host2-20260925/remote/run-01/optimized-q96--mg32-modal8_muladd-node32--tol-00.npz	41608739	0e95e37ffc22413680e9649fa060dece76230b20a1bf0a17ee5ca344bc2262e8
results/session-e-host2-20260925/remote/run-01/optimized-q96--mg32-node64-node32--tol-00.npz	41608647	5c2204fa91426e1a1ccce8d65a1cd7b9efada2423710021537b172c07f4021a3
results/session-e-host2-20260925/remote/run-01/optimized-q96--mg64-dense8--tol-00.npz	41609066	572fae8c3550018ce4fc4f66bdbe3d6dfeedb403fce2e19a7324c279aab57214
results/session-e-host2-20260925/remote/run-01/optimized-q96--mg64-fused--tol-00.npz	41608766	a830196b0ff95b0f2dc71460c073d0bf93cf51fb2a8c48aa70c05927007d12e9
results/session-e-host2-20260925/remote/run-01/optimized-q96--mg64-fused_ai--tol-00.npz	41608601	cf6991c97c5ed7cebc178f72c2f2f3a70575e50008bbc11924c0b86598a86860
results/session-e-host2-20260925/remote/run-01/optimized-q96--mg64-modal8--tol-00.npz	41608927	32f2ee5381d1cad75dd2ecb0becbbda303fcee7030b5ff4c78e137ae892b023f
results/session-e-host2-20260925/remote/run-01/optimized-q96--mg64-modal8_muladd--tol-00.npz	41608728	4ecad4f03d269ea68912202fd3caf1972cdbcdfb141794be97c305da7760e6dc
results/session-e-host2-20260925/remote/run-01/optimized-q96--mg64-modal8_signbit--tol-00.npz	41609321	7e64717b6457f2295e92efc4507ae5ce1be773d9181d910656558aff18e23a5d
results/session-e-host2-20260925/remote/run-01/optimized-q96--mg64-node--tol-00.npz	41608759	9a6c8bccda1ee3569f72ff4a2929b216a83ae2e50771013209785c8e9aa706e2
results/session-e-host2-20260925/remote/run-01/uniform-q64--mg32-fused_ai64-node32--tol-00.npz	12023103	8eddc5e356105f50223e23b10a43f473c7e8ba34f45ab532e588a0e5f09669c8
results/session-e-host2-20260925/remote/run-01/uniform-q64--mg32-modal8-node32--tol-00.npz	11948030	582e57888e1c8088150f283077f84344bca2c2de12eab24d430cbaa3e10361b7
results/session-e-host2-20260925/remote/run-01/uniform-q64--mg32-modal8_muladd-node32--tol-00.npz	11939624	8b15be255b988bebd8a82562c6e0f343b8119bbf37d80c0761ccad59c72d26e0
results/session-e-host2-20260925/remote/run-01/uniform-q64--mg32-node64-node32--tol-00.npz	12019374	7dfc5f26d6cbbc68c5f23911b1d8cf17eb6d2ecd8b8935cde311bd67cdeafc6d
results/session-e-host2-20260925/remote/run-01/uniform-q64--mg64-dense8--tol-00.npz	12021574	95dec7fde3450739f15344b34fcdee78f0092a1a16e09f90d719ddf96eeda0b3
results/session-e-host2-20260925/remote/run-01/uniform-q64--mg64-fused--tol-00.npz	12027445	95c574216a98b36c0f2b68c4f872451dfcfa6cb5beeb7a375e798a6fab32e3c8
results/session-e-host2-20260925/remote/run-01/uniform-q64--mg64-fused_ai--tol-00.npz	12025325	ab2ff468e06ee9ed4a099340c138043c2ff2d8eb797590b464f870413f6e6341
results/session-e-host2-20260925/remote/run-01/uniform-q64--mg64-modal8--tol-00.npz	11797071	02486f456925d31725a11df8db5dbd532be7e0c085072e8afbd37b9fa060a6f1
results/session-e-host2-20260925/remote/run-01/uniform-q64--mg64-modal8_muladd--tol-00.npz	11803853	340874c63e5736b9bf3253d83e10078cf01fe34abb8cb62a75dc8c3d7e8b0e7c
results/session-e-host2-20260925/remote/run-01/uniform-q64--mg64-modal8_signbit--tol-00.npz	11787078	777d467085c90cfef659402168598aa740d80b59e32e82639511f5b385cb34eb
results/session-e-host2-20260925/remote/run-01/uniform-q64--mg64-node--tol-00.npz	12023855	e8f019c83352bd60314956ec61c59a6d5929c3afc78534fa1ba07face5e8b8cf
results/session-e-host2-20260925/voxel-session_e-evidence.tar.gz	725908197	18812b3e003435eb3d76461ddc9248166377eb7250bba74813ddbc69c721471e
results/session-g-host1-20260926/voxel-session_g-evidence.tar.gz	13076955	6935f3768bef15e37fffa981d80f3b438b00a02c77c828939f94e1c323cb3ab2
results/session-g-host2-20260926/voxel-session_g-evidence.tar.gz	13086617	e94e05f3fa22eec3e388a36cb81cbb97b2c7ee56649800e0157e0f23c256b8c6
results/session-h-host1-20260926/voxel-session_h-evidence.tar.gz	8697140	09932d1edd2a170b50f73275524033b5ae5767fc9b1c2c2b3b82444a4a8975e0
results/session-h-host2-20260926/voxel-session_h-evidence.tar.gz	8697518	596ca3203fc5923abaf829fc420f9e93adbbe15f47e80fb0fbb5e5bfc3de64b9
