session,host,trajectory_kind,case,schedule,paired_observations,work_matched,median_ratio,minimum_ratio,maximum_ratio
G,session-g-host1-20260926,fixed_length,cantilever-216k,fp64,"[{""fused_over_parity"": 1.0051270825093603, ""fused_seconds"": 16.742188448995876, ""parity_seconds"": 16.656787723994057, ""repetition"": 1}, {""fused_over_parity"": 1.0108855790337263, ""fused_seconds"": 16.741527794998547, ""parity_seconds"": 16.56124901000294, ""repetition"": 2}, {""fused_over_parity"": 1.0096337309671903, ""fused_seconds"": 16.697768392994476, ""parity_seconds"": 16.5384414969958, ""repetition"": 3}]",True,1.0096337309671903,1.0051270825093603,1.0108855790337263
G,session-g-host1-20260926,fixed_length,cantilever-216k,mixed,"[{""fused_over_parity"": 0.9989171464654387, ""fused_seconds"": 17.044502183998702, ""parity_seconds"": 17.062978891000967, ""repetition"": 1}, {""fused_over_parity"": 1.0113269980907689, ""fused_seconds"": 17.028591152004083, ""parity_seconds"": 16.837868645998242, ""repetition"": 2}, {""fused_over_parity"": 0.8134324623752662, ""fused_seconds"": 16.970685165004397, ""parity_seconds"": 20.863053725995997, ""repetition"": 3}]",False,0.9989171464654387,0.8134324623752662,1.0113269980907689
G,session-g-host1-20260926,fixed_length,cantilever-512k,fp64,"[{""fused_over_parity"": 1.0169089420681305, ""fused_seconds"": 35.79393759999948, ""parity_seconds"": 35.19876374299929, ""repetition"": 1}, {""fused_over_parity"": 1.026539623734423, ""fused_seconds"": 35.834530963998986, ""parity_seconds"": 34.90808356100024, ""repetition"": 2}, {""fused_over_parity"": 1.0136510617393666, ""fused_seconds"": 35.40409074200579, ""parity_seconds"": 34.927296067005955, ""repetition"": 3}]",True,1.0169089420681305,1.0136510617393666,1.026539623734423
G,session-g-host1-20260926,fixed_length,cantilever-512k,mixed,"[{""fused_over_parity"": 0.9927555402343906, ""fused_seconds"": 35.28886448499543, ""parity_seconds"": 35.546378795996134, ""repetition"": 1}, {""fused_over_parity"": 1.001764362874519, ""fused_seconds"": 34.94310913699883, ""parity_seconds"": 34.88156539800548, ""repetition"": 2}, {""fused_over_parity"": 1.0128759981595727, ""fused_seconds"": 35.11851478499739, ""parity_seconds"": 34.67207718300051, ""repetition"": 3}]",False,1.001764362874519,0.9927555402343906,1.0128759981595727
G,session-g-host1-20260926,fixed_length,mbb-514k,fp64,"[{""fused_over_parity"": 1.066809914402595, ""fused_seconds"": 45.79331749699486, ""parity_seconds"": 42.92547048800043, ""repetition"": 1}, {""fused_over_parity"": 1.0760002902144603, ""fused_seconds"": 46.02431305999926, ""parity_seconds"": 42.77351361199544, ""repetition"": 2}, {""fused_over_parity"": 1.0676644409250733, ""fused_seconds"": 45.83182492599735, ""parity_seconds"": 42.92718120900099, ""repetition"": 3}]",True,1.0676644409250733,1.066809914402595,1.0760002902144603
G,session-g-host1-20260926,fixed_length,mbb-514k,mixed,"[{""fused_over_parity"": 1.2743396274336802, ""fused_seconds"": 63.56146921999607, ""parity_seconds"": 49.87796647899813, ""repetition"": 1}, {""fused_over_parity"": 1.2544983638823133, ""fused_seconds"": 72.1201121080012, ""parity_seconds"": 57.48920380000345, ""repetition"": 2}, {""fused_over_parity"": 0.9962029432626855, ""fused_seconds"": 54.02802212599636, ""parity_seconds"": 54.23395151699515, ""repetition"": 3}]",False,1.2544983638823133,0.9962029432626855,1.2743396274336802
G,session-g-host1-20260926,fixed_length,torsion-499k,fp64,"[{""fused_over_parity"": 1.0492957747995015, ""fused_seconds"": 37.83802681400266, ""parity_seconds"": 36.06040138800017, ""repetition"": 1}, {""fused_over_parity"": 1.0490697048974083, ""fused_seconds"": 37.97391791900009, ""parity_seconds"": 36.19770711300225, ""repetition"": 2}, {""fused_over_parity"": 1.0434536067136722, ""fused_seconds"": 37.800635185005376, ""parity_seconds"": 36.226464637999015, ""repetition"": 3}]",False,1.0490697048974083,1.0434536067136722,1.0492957747995015
G,session-g-host1-20260926,fixed_length,torsion-499k,mixed,"[{""fused_over_parity"": 1.019968129951197, ""fused_seconds"": 37.09327170300094, ""parity_seconds"": 36.36708894500043, ""repetition"": 1}, {""fused_over_parity"": 1.0156596771725859, ""fused_seconds"": 37.12719374799781, ""parity_seconds"": 36.55475803800073, ""repetition"": 2}, {""fused_over_parity"": 1.0121392699609957, ""fused_seconds"": 37.0105204309948, ""parity_seconds"": 36.56662825899548, ""repetition"": 3}]",True,1.0156596771725859,1.0121392699609957,1.019968129951197
G,session-g-host1-20260926,capped,cantilever-216k,fp64,"[{""fused_over_parity"": 1.0072012910058927, ""fused_seconds"": 65.63803567300056, ""parity_seconds"": 65.16873663599836, ""repetition"": null}]",True,1.0072012910058927,1.0072012910058927,1.0072012910058927
G,session-g-host1-20260926,capped,cantilever-216k,mixed,"[{""fused_over_parity"": 1.0127180425020834, ""fused_seconds"": 66.76207435400283, ""parity_seconds"": 65.9236545140011, ""repetition"": null}]",True,1.0127180425020834,1.0127180425020834,1.0127180425020834
G,session-g-host2-20260926,fixed_length,cantilever-216k,fp64,"[{""fused_over_parity"": 1.0145248015917396, ""fused_seconds"": 17.981080560013652, ""parity_seconds"": 17.72364808805287, ""repetition"": 1}, {""fused_over_parity"": 0.9929375038090518, ""fused_seconds"": 17.909804431721568, ""parity_seconds"": 18.037192031741142, ""repetition"": 2}, {""fused_over_parity"": 0.9988879956321166, ""fused_seconds"": 18.038910700939596, ""parity_seconds"": 18.058992379345, ""repetition"": 3}]",True,0.9988879956321166,0.9929375038090518,1.0145248015917396
G,session-g-host2-20260926,fixed_length,cantilever-216k,mixed,"[{""fused_over_parity"": 0.9876627319475861, ""fused_seconds"": 17.787736834026873, ""parity_seconds"": 18.00993017014116, ""repetition"": 1}, {""fused_over_parity"": 0.9803273725153547, ""fused_seconds"": 18.027761552482843, ""parity_seconds"": 18.389531964436173, ""repetition"": 2}, {""fused_over_parity"": 1.215700549637782, ""fused_seconds"": 22.711514252237976, ""parity_seconds"": 18.68183267582208, ""repetition"": 3}]",False,0.9876627319475861,0.9803273725153547,1.215700549637782
G,session-g-host2-20260926,fixed_length,cantilever-512k,fp64,"[{""fused_over_parity"": 1.0116006402141393, ""fused_seconds"": 38.35664094239473, ""parity_seconds"": 37.91678199637681, ""repetition"": 1}, {""fused_over_parity"": 1.048993662375347, ""fused_seconds"": 39.1097377743572, ""parity_seconds"": 37.28310205973685, ""repetition"": 2}, {""fused_over_parity"": 1.0039640414253423, ""fused_seconds"": 39.441887746565044, ""parity_seconds"": 39.28615579754114, ""repetition"": 3}]",True,1.0116006402141393,1.0039640414253423,1.048993662375347
G,session-g-host2-20260926,fixed_length,cantilever-512k,mixed,"[{""fused_over_parity"": 0.9761145477709058, ""fused_seconds"": 37.154456281103194, ""parity_seconds"": 38.06362313311547, ""repetition"": 1}, {""fused_over_parity"": 1.0252592083791396, ""fused_seconds"": 38.72166469786316, ""parity_seconds"": 37.767682924866676, ""repetition"": 2}, {""fused_over_parity"": 1.033804813350386, ""fused_seconds"": 38.15102038439363, ""parity_seconds"": 36.903504309244454, ""repetition"": 3}]",True,1.0252592083791396,0.9761145477709058,1.033804813350386
G,session-g-host2-20260926,fixed_length,mbb-514k,fp64,"[{""fused_over_parity"": 1.0387744030689754, ""fused_seconds"": 48.226775294169784, ""parity_seconds"": 46.42661115992814, ""repetition"": 1}, {""fused_over_parity"": 1.0755764897241908, ""fused_seconds"": 49.210939260199666, ""parity_seconds"": 45.75308193359524, ""repetition"": 2}, {""fused_over_parity"": 1.0711230526400866, ""fused_seconds"": 48.71361355017871, ""parity_seconds"": 45.479007692076266, ""repetition"": 3}]",True,1.0711230526400866,1.0387744030689754,1.0755764897241908
G,session-g-host2-20260926,fixed_length,mbb-514k,mixed,"[{""fused_over_parity"": 1.210372646668941, ""fused_seconds"": 68.42810944654047, ""parity_seconds"": 56.53474542312324, ""repetition"": 1}, {""fused_over_parity"": 1.49016717305354, ""fused_seconds"": 74.38590597826988, ""parity_seconds"": 49.91782621666789, ""repetition"": 2}, {""fused_over_parity"": 3.969803956589189, ""fused_seconds"": 242.53478138893843, ""parity_seconds"": 61.09490142110735, ""repetition"": 3}]",False,1.49016717305354,1.210372646668941,3.969803956589189
G,session-g-host2-20260926,fixed_length,torsion-499k,fp64,"[{""fused_over_parity"": 1.0217281631233197, ""fused_seconds"": 40.4387600440532, ""parity_seconds"": 39.578785731457174, ""repetition"": 1}, {""fused_over_parity"": 1.033604028434442, ""fused_seconds"": 41.36683839280158, ""parity_seconds"": 40.02193998359144, ""repetition"": 2}, {""fused_over_parity"": 2.180829196234007, ""fused_seconds"": 83.94894783664495, ""parity_seconds"": 38.49404986947775, ""repetition"": 3}]",True,1.033604028434442,1.0217281631233197,2.180829196234007
G,session-g-host2-20260926,fixed_length,torsion-499k,mixed,"[{""fused_over_parity"": 1.014107261377112, ""fused_seconds"": 40.609487869776785, ""parity_seconds"": 40.04456867277622, ""repetition"": 1}, {""fused_over_parity"": 1.0050520318758, ""fused_seconds"": 40.225355301983654, ""parity_seconds"": 40.02315703686327, ""repetition"": 2}, {""fused_over_parity"": 0.2940478381449771, ""fused_seconds"": 39.239662433974445, ""parity_seconds"": 133.44652584940195, ""repetition"": 3}]",False,1.0050520318758,0.2940478381449771,1.014107261377112
G,session-g-host2-20260926,capped,cantilever-216k,fp64,"[{""fused_over_parity"": 1.0111204117846149, ""fused_seconds"": 69.40404291357845, ""parity_seconds"": 68.64072973374277, ""repetition"": null}]",True,1.0111204117846149,1.0111204117846149,1.0111204117846149
G,session-g-host2-20260926,capped,cantilever-216k,mixed,"[{""fused_over_parity"": 0.9547315183876968, ""fused_seconds"": 71.56524227093905, ""parity_seconds"": 74.95849973801523, ""repetition"": null}]",True,0.9547315183876968,0.9547315183876968,0.9547315183876968
H,session-h-host1-20260926,fixed_length,cantilever-216k,fp64,"[{""fused_over_parity"": 1.022846752074482, ""fused_seconds"": 17.428020609077066, ""parity_seconds"": 17.03874072409235, ""repetition"": 1}, {""fused_over_parity"": 1.0288529291437891, ""fused_seconds"": 17.539962257957086, ""parity_seconds"": 17.04807534790598, ""repetition"": 2}, {""fused_over_parity"": 1.0255897474712885, ""fused_seconds"": 17.684760288102552, ""parity_seconds"": 17.243503390811384, ""repetition"": 3}]",True,1.0255897474712885,1.022846752074482,1.0288529291437891
H,session-h-host1-20260926,fixed_length,cantilever-216k,mixed,"[{""fused_over_parity"": 1.0157277714036974, ""fused_seconds"": 17.93151034996845, ""parity_seconds"": 17.653854561038315, ""repetition"": 1}, {""fused_over_parity"": 1.0117167335830828, ""fused_seconds"": 17.881370328832418, ""parity_seconds"": 17.67428543511778, ""repetition"": 2}, {""fused_over_parity"": 1.1831931820594173, ""fused_seconds"": 21.07186570414342, ""parity_seconds"": 17.809319749008864, ""repetition"": 3}]",False,1.0157277714036974,1.0117167335830828,1.1831931820594173
H,session-h-host1-20260926,fixed_length,cantilever-512k,fp64,"[{""fused_over_parity"": 1.088341954632939, ""fused_seconds"": 28.593390502035618, ""parity_seconds"": 26.27243246510625, ""repetition"": 1}, {""fused_over_parity"": 1.0869701530048157, ""fused_seconds"": 28.483540151966736, ""parity_seconds"": 26.204528314992785, ""repetition"": 2}, {""fused_over_parity"": 1.0900389051035266, ""fused_seconds"": 28.803477172041312, ""parity_seconds"": 26.424265259876847, ""repetition"": 3}]",True,1.088341954632939,1.0869701530048157,1.0900389051035266
H,session-h-host1-20260926,fixed_length,cantilever-512k,mixed,"[{""fused_over_parity"": 1.0206899363111916, ""fused_seconds"": 26.62196979415603, ""parity_seconds"": 26.082328087184578, ""repetition"": 1}, {""fused_over_parity"": 1.0231199394530242, ""fused_seconds"": 26.664984609000385, ""parity_seconds"": 26.062422967981547, ""repetition"": 2}, {""fused_over_parity"": 1.0326233096659885, ""fused_seconds"": 26.90817226609215, ""parity_seconds"": 26.058071722975, ""repetition"": 3}]",True,1.0231199394530242,1.0206899363111916,1.0326233096659885
H,session-h-host1-20260926,fixed_length,mbb-514k,fp64,"[{""fused_over_parity"": 1.18148485452027, ""fused_seconds"": 58.25690282601863, ""parity_seconds"": 49.30820958316326, ""repetition"": 1}, {""fused_over_parity"": 1.1833221946897494, ""fused_seconds"": 58.233423315919936, ""parity_seconds"": 49.21180687495507, ""repetition"": 2}, {""fused_over_parity"": 1.1694019627892471, ""fused_seconds"": 57.649387191049755, ""parity_seconds"": 49.29817892005667, ""repetition"": 3}]",True,1.18148485452027,1.1694019627892471,1.1833221946897494
H,session-h-host1-20260926,fixed_length,mbb-514k,mixed,"[{""fused_over_parity"": 0.9158219421735767, ""fused_seconds"": 79.07715898100287, ""parity_seconds"": 86.34556057187729, ""repetition"": 1}, {""fused_over_parity"": 1.1049573451993548, ""fused_seconds"": 74.45072043105029, ""parity_seconds"": 67.37881851685233, ""repetition"": 2}, {""fused_over_parity"": 1.3072816359519237, ""fused_seconds"": 97.2623896470759, ""parity_seconds"": 74.40048645390198, ""repetition"": 3}]",False,1.1049573451993548,0.9158219421735767,1.3072816359519237
H,session-h-host1-20260926,fixed_length,torsion-499k,fp64,"[{""fused_over_parity"": 1.133018394338376, ""fused_seconds"": 29.19387001101859, ""parity_seconds"": 25.766457241028547, ""repetition"": 1}, {""fused_over_parity"": 1.1141350443738387, ""fused_seconds"": 29.154832458123565, ""parity_seconds"": 26.168131597107276, ""repetition"": 2}, {""fused_over_parity"": 1.118677200098577, ""fused_seconds"": 28.8086064029485, ""parity_seconds"": 25.75238540698774, ""repetition"": 3}]",True,1.118677200098577,1.1141350443738387,1.133018394338376
H,session-h-host1-20260926,fixed_length,torsion-499k,mixed,"[{""fused_over_parity"": 1.033498498841774, ""fused_seconds"": 27.048560035880655, ""parity_seconds"": 26.171842596959323, ""repetition"": 1}, {""fused_over_parity"": 1.0463819597131843, ""fused_seconds"": 27.352582955965772, ""parity_seconds"": 26.140151502098888, ""repetition"": 2}, {""fused_over_parity"": 1.040187202048864, ""fused_seconds"": 27.395843002013862, ""parity_seconds"": 26.337415945949033, ""repetition"": 3}]",True,1.040187202048864,1.033498498841774,1.0463819597131843
H,session-h-host1-20260926,capped,cantilever-216k,fp64,"[{""fused_over_parity"": 1.020898999334637, ""fused_seconds"": 24.183715140912682, ""parity_seconds"": 23.688646140974015, ""repetition"": null}]",True,1.020898999334637,1.020898999334637,1.020898999334637
H,session-h-host1-20260926,capped,cantilever-216k,mixed,"[{""fused_over_parity"": 0.8505106633669455, ""fused_seconds"": 24.59221654688008, ""parity_seconds"": 28.91464811214246, ""repetition"": null}]",False,0.8505106633669455,0.8505106633669455,0.8505106633669455
H,session-h-host2-20260926,fixed_length,cantilever-216k,fp64,"[{""fused_over_parity"": 1.0211299301716217, ""fused_seconds"": 17.762056343999575, ""parity_seconds"": 17.394511530001182, ""repetition"": 1}, {""fused_over_parity"": 1.0230729089491093, ""fused_seconds"": 17.71176877299149, ""parity_seconds"": 17.31232311799249, ""repetition"": 2}, {""fused_over_parity"": 1.0291539095364575, ""fused_seconds"": 17.850297623008373, ""parity_seconds"": 17.344633740009158, ""repetition"": 3}]",True,1.0230729089491093,1.0211299301716217,1.0291539095364575
H,session-h-host2-20260926,fixed_length,cantilever-216k,mixed,"[{""fused_over_parity"": 1.01506435846474, ""fused_seconds"": 18.438015567007824, ""parity_seconds"": 18.1643808230001, ""repetition"": 1}, {""fused_over_parity"": 1.0109199493476573, ""fused_seconds"": 18.121128719008993, ""parity_seconds"": 17.925384429006954, ""repetition"": 2}, {""fused_over_parity"": 1.0488585273698705, ""fused_seconds"": 19.040412496993667, ""parity_seconds"": 18.153461120004067, ""repetition"": 3}]",False,1.01506435846474,1.0109199493476573,1.0488585273698705
H,session-h-host2-20260926,fixed_length,cantilever-512k,fp64,"[{""fused_over_parity"": 1.0799722758037833, ""fused_seconds"": 28.389219639997464, ""parity_seconds"": 26.286989283005823, ""repetition"": 1}, {""fused_over_parity"": 1.0857355944940024, ""fused_seconds"": 28.37648296399857, ""parity_seconds"": 26.135721356011345, ""repetition"": 2}, {""fused_over_parity"": 1.0809003532900743, ""fused_seconds"": 28.337824417001684, ""parity_seconds"": 26.216870344011113, ""repetition"": 3}]",True,1.0809003532900743,1.0799722758037833,1.0857355944940024
H,session-h-host2-20260926,fixed_length,cantilever-512k,mixed,"[{""fused_over_parity"": 1.0252096371293575, ""fused_seconds"": 26.547459326000535, ""parity_seconds"": 25.894664236999233, ""repetition"": 1}, {""fused_over_parity"": 1.023747057289501, ""fused_seconds"": 26.73774317999778, ""parity_seconds"": 26.11752872900979, ""repetition"": 2}, {""fused_over_parity"": 1.0285463993598567, ""fused_seconds"": 26.651725962990895, ""parity_seconds"": 25.912030784005765, ""repetition"": 3}]",True,1.0252096371293575,1.023747057289501,1.0285463993598567
H,session-h-host2-20260926,fixed_length,mbb-514k,fp64,"[{""fused_over_parity"": 1.1668237364639589, ""fused_seconds"": 57.49521164900216, ""parity_seconds"": 49.27497603300435, ""repetition"": 1}, {""fused_over_parity"": 1.1644618420051385, ""fused_seconds"": 57.646470717998454, ""parity_seconds"": 49.50481728000159, ""repetition"": 2}, {""fused_over_parity"": 1.166560036529251, ""fused_seconds"": 57.29405527799099, ""parity_seconds"": 49.11367909400724, ""repetition"": 3}]",True,1.166560036529251,1.1644618420051385,1.1668237364639589
H,session-h-host2-20260926,fixed_length,mbb-514k,mixed,"[{""fused_over_parity"": 1.0959345502768545, ""fused_seconds"": 91.02292399099679, ""parity_seconds"": 83.05507292201219, ""repetition"": 1}, {""fused_over_parity"": 1.2019133629770815, ""fused_seconds"": 88.19732129499607, ""parity_seconds"": 73.38076438099961, ""repetition"": 2}, {""fused_over_parity"": 1.1582988389283557, ""fused_seconds"": 85.64734310899803, ""parity_seconds"": 73.94235427900276, ""repetition"": 3}]",False,1.1582988389283557,1.0959345502768545,1.2019133629770815
H,session-h-host2-20260926,fixed_length,torsion-499k,fp64,"[{""fused_over_parity"": 1.099864731717048, ""fused_seconds"": 28.405070994995185, ""parity_seconds"": 25.825967662996845, ""repetition"": 1}, {""fused_over_parity"": 1.1348163448605255, ""fused_seconds"": 29.249331829996663, ""parity_seconds"": 25.774507005000487, ""repetition"": 2}, {""fused_over_parity"": 1.115128940560702, ""fused_seconds"": 28.776140089001274, ""parity_seconds"": 25.80521322900313, ""repetition"": 3}]",True,1.115128940560702,1.099864731717048,1.1348163448605255
H,session-h-host2-20260926,fixed_length,torsion-499k,mixed,"[{""fused_over_parity"": 1.0468784330602525, ""fused_seconds"": 27.20774980299757, ""parity_seconds"": 25.989407121000113, ""repetition"": 1}, {""fused_over_parity"": 1.0569805866004713, ""fused_seconds"": 27.4704376640002, ""parity_seconds"": 25.989538513997104, ""repetition"": 2}, {""fused_over_parity"": 1.0276709086191433, ""fused_seconds"": 27.0284853859921, ""parity_seconds"": 26.300720551007544, ""repetition"": 3}]",False,1.0468784330602525,1.0276709086191433,1.0569805866004713
H,session-h-host2-20260926,capped,cantilever-216k,fp64,"[{""fused_over_parity"": 1.0216469055316681, ""fused_seconds"": 24.448468752001645, ""parity_seconds"": 23.930448592000175, ""repetition"": null}]",True,1.0216469055316681,1.0216469055316681,1.0216469055316681
H,session-h-host2-20260926,capped,cantilever-216k,mixed,"[{""fused_over_parity"": 1.0100500562581716, ""fused_seconds"": 25.063972848001868, ""parity_seconds"": 24.814584873995045, ""repetition"": null}]",True,1.0100500562581716,1.0100500562581716,1.0100500562581716
