case,control,median,min,max,wins,pairs,holm_adjusted_p,comparison_passed
128x64x64-p0,dense8,2.1204221213462366,2.1160078878097552,2.1227981998001697,12,12,0.00732421875,True
128x64x64-p0,symmetric_half,2.0925591786708955,2.0879500474566117,2.094332960218399,12,12,0.00732421875,True
128x64x64-p0,ceed_ref,18.662991128184345,18.629723732481217,18.66784381369438,12,12,0.00732421875,True
128x64x64-p0,ceed_shared,20.81806320875082,20.776953744598675,20.824133892299173,12,12,0.00732421875,True
128x64x64-p0,ceed_gen,2.9620275335996586,2.9535492078552865,2.964623784320753,12,12,0.00732421875,True
128x64x64-p1,dense8,2.1201817254136746,2.1163467723863207,2.122251019985095,12,12,0.00732421875,True
128x64x64-p1,symmetric_half,2.0923492857713812,2.0884852898405097,2.094278398845154,12,12,0.00732421875,True
128x64x64-p1,ceed_ref,18.656324985551862,18.623689563365566,18.659646827250054,12,12,0.00732421875,True
128x64x64-p1,ceed_shared,20.810873175321134,20.776131198108427,20.81416818082782,12,12,0.00732421875,True
128x64x64-p1,ceed_gen,2.9612981077091565,2.958014565651491,2.9637961830474127,12,12,0.00732421875,True
192x96x96-p0,dense8,2.1497870544698605,2.1470347112245487,2.150307267743024,12,12,0.00732421875,True
192x96x96-p0,symmetric_half,2.122670004022745,2.1194595559758187,2.12568402166993,12,12,0.00732421875,True
192x96x96-p0,ceed_ref,19.22322307227178,19.205532022299344,19.22403899958444,12,12,0.00732421875,True
192x96x96-p0,ceed_shared,21.396077127669553,21.377634931797207,21.436949873763776,12,12,0.00732421875,True
192x96x96-p0,ceed_gen,3.0083160948279826,3.0026634163818615,3.010941942282531,12,12,0.00732421875,True
192x96x96-p1,dense8,2.1480661887958448,2.147103735577638,2.148786745582191,12,12,0.00732421875,True
192x96x96-p1,symmetric_half,2.1201125177388014,2.117155518117877,2.1211785343185676,12,12,0.00732421875,True
192x96x96-p1,ceed_ref,19.210223025556118,19.17089773983315,19.21639105212838,12,12,0.00732421875,True
192x96x96-p1,ceed_shared,21.386534940652425,21.377051998643253,21.390342490713415,12,12,0.00732421875,True
192x96x96-p1,ceed_gen,3.0034247789714907,3.0000412412302997,3.00419709612007,12,12,0.00732421875,True
64x32x32-p0,dense8,1.8535235373638113,1.8422959413512534,1.8650530966755472,12,12,0.00732421875,True
64x32x32-p0,symmetric_half,1.8256829135749713,1.8137183991523498,1.8349930593225265,12,12,0.00732421875,True
64x32x32-p0,ceed_ref,13.11768695645026,13.096533415527876,13.257127496978391,12,12,0.00732421875,True
64x32x32-p0,ceed_shared,14.915665380982897,14.902532090860474,15.081464149394808,12,12,0.00732421875,True
64x32x32-p0,ceed_gen,2.5768115797231776,2.5742661258921746,2.5895087172863755,12,12,0.00732421875,True
64x32x32-p1,dense8,1.8642709877885193,1.853943088710114,1.8649354591113692,12,12,0.00732421875,True
64x32x32-p1,symmetric_half,1.83463492966114,1.8257523395587183,1.8358920582963683,12,12,0.00732421875,True
64x32x32-p1,ceed_ref,13.254912401143601,13.121787158604594,13.275764470515966,12,12,0.00732421875,True
64x32x32-p1,ceed_shared,15.07579873508084,14.918285052832045,15.083677633740194,12,12,0.00732421875,True
64x32x32-p1,ceed_gen,2.5880599396520436,2.576946552023866,2.6062718310199706,12,12,0.00732421875,True
