gpu,gpu_capacity,driver,cuda_runtime,cupy,nvrtc,python,compiler,host_compiler_version,installation_source,session,host,cpu,machine_id,cuda_device_total_bytes,started_utc,protocol,raw_result,declared_cases,arms,products,fixed_work,to_tolerance,repetitions,metadata_sources_checked,missing_metadata,warmup,timing_boundary,precisions,sizes,measured_allocations_in_family,observed_repetitions,compiler_note,nsight_compute,compiler_flags
NVIDIA GeForce RTX 4090,24564 MiB,580.173.02,12090 (linked to CuPy) / 12080 (locally installed),13.6.0,"(12, 8)",3.12.3,"NVRTC (12, 8)",,results/session-a-20260923/remote/installation,A,session-a-20260923,,,25250627584,2026-09-23T17:26:40.962091+00:00,experiments/session_a/protocol.json,results/session-a-20260923/remote/run-01/result.json,"[{""fixed_iterations"": 100, ""id"": ""smoke-q4"", ""primary"": false, ""q"": 4}, {""fixed_iterations"": 4600, ""id"": ""optimized-q64"", ""primary"": true, ""q"": 64}, {""fixed_iterations"": 6900, ""id"": ""optimized-q96"", ""primary"": true, ""q"": 96}, {""fixed_iterations"": 1050, ""id"": ""uniform-q64"", ""primary"": false, ""q"": 64}]","[""fused_ai_fp64"", ""fused_fp64"", ""node_fp64"", ""dense8"", ""modal8"", ""fused_ai_fp32"", ""fused_fp32"", ""node_fp32"", ""dense8_fp32"", ""modal8_fp32""]","{""fp32_relative_limit"": 1e-05, ""fp64_relative_limit"": 1e-11, ""products"": 20, ""rounds"": 11, ""vector"": ""seeded standard normal, constrained DOFs zeroed""}","{""design"": ""paired rounds; each round runs every FP64 path once in a fresh random order"", ""rounds"": 10}","{""ir"": {""inner_maxiter"": 4000, ""inner_tol"": 0.1, ""max_outer"": 40, ""note"": ""donor pcg_ir defaults""}, ""methods"": [{""id"": ""pcg64-fused_ai"", ""kind"": ""pcg64"", ""operator"": ""fused_ai_fp64""}, {""id"": ""pcg64-modal8"", ""kind"": ""pcg64"", ""operator"": ""modal8""}, {""id"": ""ir-fused_ai64-fused_ai32"", ""inner"": ""fused_ai_fp32"", ""kind"": ""ir"", ""outer"": ""fused_ai_fp64""}, {""id"": ""ir-modal8-fused_ai32"", ""inner"": ""fused_ai_fp32"", ""kind"": ""ir"", ""outer"": ""modal8""}, {""id"": ""ir-modal8-modal8_32"", ""inner"": ""modal8_fp32"", ""kind"": ""ir"", ""outer"": ""modal8""}], ""repetitions"": 3}",,"[""results/session-a-20260923/rental.json"", ""results/session-a-20260923/remote/run-01/result.json"", ""results/session-a-20260923/remote/installation/cupy-config.txt"", ""results/session-a-20260923/remote/installation/uname.txt""]","CPU model absent: manual rental preflight records only 32 CPUs/188 GB RAM; no lscpu/model record in retained rental, installation or result files.","one PCG iteration per FP64 path; one action per FP32 path, during setup before measurement",resident products or synchronized Jacobi-PCG/refinement solves; setup and CPU physical replay excluded,FP64 and FP32 products; FP64 PCG or mixed refinement,"[""smoke-q4"", ""optimized-q64"", ""optimized-q96"", ""uniform-q64""]",1,,,,
NVIDIA A100 80GB PCIe,81920 MiB,595.84,12090 (linked to CuPy) / 12060 (locally installed),13.6.0,"(12, 6)",3.12.3,"NVRTC (12, 6)",,results/session-b-20260923/remote/installation,B,session-b-20260923,Xeon® Gold 5218R ,147175,85094825984,2026-09-23T18:41:35.858258+00:00,experiments/session_b/protocol.json,results/session-b-20260923/remote/run-01/result.json,"[{""fixed_iterations"": 100, ""id"": ""smoke-q4"", ""primary"": false, ""q"": 4}, {""fixed_iterations"": 4600, ""id"": ""optimized-q64"", ""primary"": true, ""q"": 64}, {""fixed_iterations"": 6900, ""id"": ""optimized-q96"", ""primary"": true, ""q"": 96}, {""fixed_iterations"": 1050, ""id"": ""uniform-q64"", ""primary"": false, ""q"": 64}]","[""fused_ai_fp64"", ""fused_fp64"", ""node_fp64"", ""dense8"", ""modal8"", ""fused_ai_fp32"", ""fused_fp32"", ""node_fp32"", ""dense8_fp32"", ""modal8_fp32""]","{""fp32_relative_limit"": 1e-05, ""fp64_relative_limit"": 1e-11, ""products"": 20, ""rounds"": 11, ""vector"": ""seeded standard normal, constrained DOFs zeroed""}","{""design"": ""paired rounds; each round runs every FP64 path once in a fresh random order"", ""rounds"": 10}","{""ir"": {""inner_maxiter"": 4000, ""inner_tol"": 0.1, ""max_outer"": 40, ""note"": ""donor pcg_ir defaults""}, ""methods"": [{""id"": ""pcg64-fused_ai"", ""kind"": ""pcg64"", ""operator"": ""fused_ai_fp64""}, {""id"": ""pcg64-modal8"", ""kind"": ""pcg64"", ""operator"": ""modal8""}, {""id"": ""ir-fused_ai64-fused_ai32"", ""inner"": ""fused_ai_fp32"", ""kind"": ""ir"", ""outer"": ""fused_ai_fp64""}, {""id"": ""ir-modal8-fused_ai32"", ""inner"": ""fused_ai_fp32"", ""kind"": ""ir"", ""outer"": ""modal8""}, {""id"": ""ir-modal8-modal8_32"", ""inner"": ""modal8_fp32"", ""kind"": ""ir"", ""outer"": ""modal8""}, {""id"": ""ir-fused_ai64-node32"", ""inner"": ""node_fp32"", ""kind"": ""ir"", ""outer"": ""fused_ai_fp64""}, {""id"": ""ir-modal8-node32"", ""inner"": ""node_fp32"", ""kind"": ""ir"", ""outer"": ""modal8""}], ""repetitions"": 3}",,"[""results/session-b-20260923/rental.json"", ""results/session-b-20260923/preflight.json"", ""results/session-b-20260923/remote/run-01/result.json"", ""results/session-b-20260923/remote/installation/cupy-config.txt"", ""results/session-b-20260923/remote/installation/uname.txt""]",,"one PCG iteration per FP64 path; one action per FP32 path, during setup before measurement",resident products or synchronized Jacobi-PCG/refinement solves; setup and CPU physical replay excluded,FP64 and FP32 products; FP64 PCG or mixed refinement,"[""smoke-q4"", ""optimized-q64"", ""optimized-q96"", ""uniform-q64""]",1,,,,
NVIDIA GeForce RTX 4090,24564 MiB,590.48.01,12090 (linked to CuPy) / 12060 (locally installed),13.6.0,"(12, 6)",3.12.3,"NVRTC (12, 6)",,results/session-c-20260923/remote/installation,C,session-c-20260923,AMD EPYC 7B13 64-Core Processor,29542,25252724736,2026-09-23T18:39:47.958895+00:00,experiments/session_c/protocol.json,results/session-c-20260923/remote/run-01/result.json,"[{""id"": ""smoke-q4"", ""input"": ""smoke-q4"", ""methods"": [""pcg64-fused_ai"", ""pcg64-modal8"", ""ir-fused_ai64-fused_ai32"", ""ir-fused_ai64-node32"", ""ir-modal8-node32""], ""primary"": false, ""q"": 4, ""stages"": [""to_tolerance""]}, {""Emin"": 1e-06, ""id"": ""optimized-q64-E1e-6"", ""input"": ""optimized-q64"", ""methods"": [""pcg64-modal8"", ""ir-fused_ai64-fused_ai32"", ""ir-fused_ai64-node32"", ""ir-modal8-node32""], ""primary"": false, ""q"": 64, ""stages"": [""to_tolerance""]}, {""Emin"": 1e-06, ""id"": ""optimized-q96-E1e-6"", ""input"": ""optimized-q96"", ""methods"": [""pcg64-modal8"", ""ir-fused_ai64-fused_ai32"", ""ir-fused_ai64-node32"", ""ir-modal8-node32""], ""primary"": false, ""q"": 96, ""stages"": [""to_tolerance""]}, {""Emin"": 1e-09, ""id"": ""optimized-q64-E1e-9"", ""input"": ""optimized-q64"", ""methods"": [""pcg64-fused_ai"", ""pcg64-modal8"", ""ir-fused_ai64-fused_ai32"", ""ir-fused_ai64-node32"", ""ir-modal8-node32""], ""primary"": true, ""q"": 64, ""robustness"": true, ""stages"": [""to_tolerance""]}, {""Emin"": 1e-09, ""id"": ""optimized-q96-E1e-9"", ""input"": ""optimized-q96"", ""methods"": [""pcg64-fused_ai"", ""pcg64-modal8"", ""ir-fused_ai64-fused_ai32"", ""ir-fused_ai64-node32"", ""ir-modal8-node32""], ""primary"": true, ""q"": 96, ""robustness"": true, ""stages"": [""to_tolerance""]}]","[""fused_ai_fp64"", ""fused_fp64"", ""node_fp64"", ""dense8"", ""modal8"", ""fused_ai_fp32"", ""fused_fp32"", ""node_fp32"", ""dense8_fp32"", ""modal8_fp32""]","{""fp32_relative_limit"": 1e-05, ""fp64_relative_limit"": 1e-11, ""products"": 20, ""rounds"": 11, ""vector"": ""seeded standard normal, constrained DOFs zeroed""}","{""design"": ""paired rounds; each round runs every FP64 path once in a fresh random order"", ""rounds"": 10}","{""ir"": {""inner_maxiter"": 4000, ""inner_tol"": 0.1, ""max_outer"": 40, ""note"": ""donor pcg_ir defaults""}, ""methods"": [{""id"": ""pcg64-fused_ai"", ""kind"": ""pcg64"", ""operator"": ""fused_ai_fp64""}, {""id"": ""pcg64-modal8"", ""kind"": ""pcg64"", ""operator"": ""modal8""}, {""id"": ""ir-fused_ai64-fused_ai32"", ""inner"": ""fused_ai_fp32"", ""kind"": ""ir"", ""outer"": ""fused_ai_fp64""}, {""id"": ""ir-modal8-fused_ai32"", ""inner"": ""fused_ai_fp32"", ""kind"": ""ir"", ""outer"": ""modal8""}, {""id"": ""ir-modal8-modal8_32"", ""inner"": ""modal8_fp32"", ""kind"": ""ir"", ""outer"": ""modal8""}, {""id"": ""ir-fused_ai64-node32"", ""inner"": ""node_fp32"", ""kind"": ""ir"", ""outer"": ""fused_ai_fp64""}, {""id"": ""ir-modal8-node32"", ""inner"": ""node_fp32"", ""kind"": ""ir"", ""outer"": ""modal8""}], ""repetitions"": 2}",,"[""results/session-c-20260923/rental.json"", ""results/session-c-20260923/preflight.json"", ""results/session-c-20260923/remote/run-01/result.json"", ""results/session-c-20260923/remote/installation/cupy-config.txt"", ""results/session-c-20260923/remote/installation/uname.txt""]",,"one PCG iteration per FP64 path; one action per FP32 path, during setup before measurement",resident products or synchronized Jacobi-PCG/refinement solves; setup and CPU physical replay excluded,FP64 and FP32 products; FP64 PCG or mixed refinement,"[""smoke-q4"", ""optimized-q64-E1e-6"", ""optimized-q96-E1e-6"", ""optimized-q64-E1e-9"", ""optimized-q96-E1e-9""]",1,,,,
NVIDIA GeForce RTX 4090,24564 MiB,580.119.02,12090 (linked to CuPy) / 12060 (locally installed),13.6.0,"(12, 6)",3.12.3,"NVRTC (12, 6)",,results/session-d-20260923/remote/installation,D,session-d-20260923,AMD EPYC 9684X 96-Core Processor,114108,25250627584,2026-09-23T19:38:27.467847+00:00,experiments/session_d/protocol.json,results/session-d-20260923/remote/run-01/result.json,"[{""id"": ""smoke-q4"", ""primary"": false, ""q"": 4}, {""id"": ""optimized-q64"", ""primary"": true, ""q"": 64}, {""id"": ""optimized-q96"", ""primary"": true, ""q"": 96}, {""id"": ""uniform-q64"", ""primary"": false, ""q"": 64}]","[{""id"": ""mg64-fused_ai"", ""outer"": ""fused_ai_fp64"", ""precision"": ""fp64"", ""vcycle"": ""fused_ai_fp64""}, {""id"": ""mg64-fused"", ""outer"": ""fused_fp64"", ""precision"": ""fp64"", ""vcycle"": ""fused_fp64""}, {""id"": ""mg64-node"", ""outer"": ""node_fp64"", ""precision"": ""fp64"", ""vcycle"": ""node_fp64""}, {""id"": ""mg64-dense8"", ""outer"": ""dense8"", ""precision"": ""fp64"", ""vcycle"": ""dense8""}, {""id"": ""mg64-modal8"", ""outer"": ""modal8"", ""precision"": ""fp64"", ""vcycle"": ""modal8""}, {""id"": ""mg32-node64-node32"", ""outer"": ""node_fp64"", ""precision"": ""fp32"", ""vcycle"": ""node_fp32""}, {""id"": ""mg32-fused_ai64-node32"", ""outer"": ""fused_ai_fp64"", ""precision"": ""fp32"", ""vcycle"": ""node_fp32""}, {""id"": ""mg32-modal8-node32"", ""outer"": ""modal8"", ""precision"": ""fp32"", ""vcycle"": ""node_fp32""}, {""id"": ""mg32-fused_ai64-fused_ai32"", ""outer"": ""fused_ai_fp64"", ""precision"": ""fp32"", ""vcycle"": ""fused_ai_fp32""}, {""id"": ""mg32-modal8-modal8_32"", ""outer"": ""modal8"", ""precision"": ""fp32"", ""vcycle"": ""modal8_fp32""}]",,"{""arms"": [""mg64-fused_ai"", ""mg64-fused"", ""mg64-node"", ""mg64-dense8"", ""mg64-modal8"", ""mg32-node64-node32"", ""mg32-fused_ai64-node32"", ""mg32-modal8-node32"", ""mg32-fused_ai64-fused_ai32"", ""mg32-modal8-modal8_32""], ""iterations_from_arm"": ""mg64-fused_ai"", ""rounds"": 10, ""rule"": ""K = max converged outer iterations of mg64-fused_ai over its to-tolerance repetitions; every arm runs exactly K outer iterations""}","{""repetitions"": 5}",,"[""results/session-d-20260923/rental.json"", ""results/session-d-20260923/preflight.json"", ""results/session-d-20260923/remote/run-01/result.json"", ""results/session-d-20260923/remote/installation/cupy-config.txt"", ""results/session-d-20260923/remote/installation/uname.txt""]",,one untimed two-iteration solve per arm; E/I raw-product validation call per path before product timing,"warm synchronized solve, including solver vector allocation and true-residual recomputation; hierarchy, spectral estimate, coarse factor, host transfers and replay excluded",FP64 outer; FP64 or FP32 V-cycle,"[""smoke-q4"", ""optimized-q64"", ""optimized-q96"", ""uniform-q64""]",1,,,,
NVIDIA GeForce RTX 4090,24564 MiB,580.95.05,12090 (linked to CuPy) / 12060 (locally installed),13.6.0,"(12, 6)",3.12.3,"NVRTC (12, 6)",,results/session-e-host1-20260925/remote/installation,E,session-e-host1-20260925,AMD EPYC 7742 64-Core Processor,51613,25250627584,2026-09-25T10:58:45.759142+00:00,experiments/session_e/protocol.json,results/session-e-host1-20260925/remote/run-01/result.json,"[{""id"": ""smoke-q4"", ""primary"": false, ""q"": 4}, {""id"": ""optimized-q64"", ""primary"": true, ""q"": 64}, {""id"": ""optimized-q96"", ""primary"": true, ""q"": 96}, {""id"": ""uniform-q64"", ""primary"": false, ""q"": 64}]","[{""id"": ""mg64-fused_ai"", ""outer"": ""fused_ai_fp64"", ""precision"": ""fp64"", ""vcycle"": ""fused_ai_fp64""}, {""id"": ""mg64-fused"", ""outer"": ""fused_fp64"", ""precision"": ""fp64"", ""vcycle"": ""fused_fp64""}, {""id"": ""mg64-node"", ""outer"": ""node_fp64"", ""precision"": ""fp64"", ""vcycle"": ""node_fp64""}, {""id"": ""mg64-dense8"", ""outer"": ""dense8"", ""precision"": ""fp64"", ""vcycle"": ""dense8""}, {""id"": ""mg64-modal8"", ""outer"": ""modal8"", ""precision"": ""fp64"", ""vcycle"": ""modal8""}, {""id"": ""mg64-modal8_muladd"", ""outer"": ""modal8_muladd"", ""precision"": ""fp64"", ""vcycle"": ""modal8_muladd""}, {""id"": ""mg64-modal8_signbit"", ""outer"": ""modal8_signbit"", ""precision"": ""fp64"", ""vcycle"": ""modal8_signbit""}, {""id"": ""mg32-node64-node32"", ""outer"": ""node_fp64"", ""precision"": ""fp32"", ""vcycle"": ""node_fp32""}, {""id"": ""mg32-fused_ai64-node32"", ""outer"": ""fused_ai_fp64"", ""precision"": ""fp32"", ""vcycle"": ""node_fp32""}, {""id"": ""mg32-modal8-node32"", ""outer"": ""modal8"", ""precision"": ""fp32"", ""vcycle"": ""node_fp32""}, {""id"": ""mg32-modal8_muladd-node32"", ""outer"": ""modal8_muladd"", ""precision"": ""fp32"", ""vcycle"": ""node_fp32""}]","{""fp64_relative_limit"": 1e-11, ""paths"": [""fused_ai_fp64"", ""fused_fp64"", ""node_fp64"", ""dense8"", ""modal8"", ""modal8_muladd"", ""modal8_signbit""], ""products"": 20, ""rounds"": 11, ""variants"": [""modal8_muladd"", ""modal8_signbit""], ""vector"": ""seeded standard normal (order_seed + q), constrained DOFs zeroed; raw operator product timed""}","{""arms"": [""mg64-fused_ai"", ""mg64-fused"", ""mg64-node"", ""mg64-dense8"", ""mg64-modal8"", ""mg64-modal8_muladd"", ""mg64-modal8_signbit"", ""mg32-node64-node32"", ""mg32-fused_ai64-node32"", ""mg32-modal8-node32"", ""mg32-modal8_muladd-node32""], ""iterations_from_arm"": ""mg64-fused_ai"", ""rounds"": 10, ""rule"": ""K = max converged outer iterations of mg64-fused_ai over its to-tolerance repetitions; every arm runs exactly K outer iterations""}","{""repetitions"": 5}",,"[""results/session-e-host1-20260925/rental.json"", ""results/session-e-host1-20260925/preflight.json"", ""results/session-e-host1-20260925/remote/run-01/result.json"", ""results/session-e-host1-20260925/remote/installation/cupy-config.txt"", ""results/session-e-host1-20260925/remote/installation/uname.txt""]",,one untimed two-iteration solve per arm; E/I raw-product validation call per path before product timing,"warm synchronized solve, including solver vector allocation and true-residual recomputation; hierarchy, spectral estimate, coarse factor, host transfers and replay excluded",FP64 outer; FP64 or FP32 V-cycle,"[""smoke-q4"", ""optimized-q64"", ""optimized-q96"", ""uniform-q64""]",2,,,,
NVIDIA GeForce RTX 4090,24564 MiB,595.71.05,12090 (linked to CuPy) / 12060 (locally installed),13.6.0,"(12, 6)",3.12.3,"NVRTC (12, 6)",,results/session-e-host2-20260925/remote/installation,E,session-e-host2-20260925,AMD Ryzen Threadripper 2950X 16-Core Processor,120270,25252724736,2026-09-25T11:09:30.946143+00:00,experiments/session_e/protocol.json,results/session-e-host2-20260925/remote/run-01/result.json,"[{""id"": ""smoke-q4"", ""primary"": false, ""q"": 4}, {""id"": ""optimized-q64"", ""primary"": true, ""q"": 64}, {""id"": ""optimized-q96"", ""primary"": true, ""q"": 96}, {""id"": ""uniform-q64"", ""primary"": false, ""q"": 64}]","[{""id"": ""mg64-fused_ai"", ""outer"": ""fused_ai_fp64"", ""precision"": ""fp64"", ""vcycle"": ""fused_ai_fp64""}, {""id"": ""mg64-fused"", ""outer"": ""fused_fp64"", ""precision"": ""fp64"", ""vcycle"": ""fused_fp64""}, {""id"": ""mg64-node"", ""outer"": ""node_fp64"", ""precision"": ""fp64"", ""vcycle"": ""node_fp64""}, {""id"": ""mg64-dense8"", ""outer"": ""dense8"", ""precision"": ""fp64"", ""vcycle"": ""dense8""}, {""id"": ""mg64-modal8"", ""outer"": ""modal8"", ""precision"": ""fp64"", ""vcycle"": ""modal8""}, {""id"": ""mg64-modal8_muladd"", ""outer"": ""modal8_muladd"", ""precision"": ""fp64"", ""vcycle"": ""modal8_muladd""}, {""id"": ""mg64-modal8_signbit"", ""outer"": ""modal8_signbit"", ""precision"": ""fp64"", ""vcycle"": ""modal8_signbit""}, {""id"": ""mg32-node64-node32"", ""outer"": ""node_fp64"", ""precision"": ""fp32"", ""vcycle"": ""node_fp32""}, {""id"": ""mg32-fused_ai64-node32"", ""outer"": ""fused_ai_fp64"", ""precision"": ""fp32"", ""vcycle"": ""node_fp32""}, {""id"": ""mg32-modal8-node32"", ""outer"": ""modal8"", ""precision"": ""fp32"", ""vcycle"": ""node_fp32""}, {""id"": ""mg32-modal8_muladd-node32"", ""outer"": ""modal8_muladd"", ""precision"": ""fp32"", ""vcycle"": ""node_fp32""}]","{""fp64_relative_limit"": 1e-11, ""paths"": [""fused_ai_fp64"", ""fused_fp64"", ""node_fp64"", ""dense8"", ""modal8"", ""modal8_muladd"", ""modal8_signbit""], ""products"": 20, ""rounds"": 11, ""variants"": [""modal8_muladd"", ""modal8_signbit""], ""vector"": ""seeded standard normal (order_seed + q), constrained DOFs zeroed; raw operator product timed""}","{""arms"": [""mg64-fused_ai"", ""mg64-fused"", ""mg64-node"", ""mg64-dense8"", ""mg64-modal8"", ""mg64-modal8_muladd"", ""mg64-modal8_signbit"", ""mg32-node64-node32"", ""mg32-fused_ai64-node32"", ""mg32-modal8-node32"", ""mg32-modal8_muladd-node32""], ""iterations_from_arm"": ""mg64-fused_ai"", ""rounds"": 10, ""rule"": ""K = max converged outer iterations of mg64-fused_ai over its to-tolerance repetitions; every arm runs exactly K outer iterations""}","{""repetitions"": 5}",,"[""results/session-e-host2-20260925/rental.json"", ""results/session-e-host2-20260925/preflight.json"", ""results/session-e-host2-20260925/remote/run-01/result.json"", ""results/session-e-host2-20260925/remote/installation/cupy-config.txt"", ""results/session-e-host2-20260925/remote/installation/uname.txt""]",,one untimed two-iteration solve per arm; E/I raw-product validation call per path before product timing,"warm synchronized solve, including solver vector allocation and true-residual recomputation; hierarchy, spectral estimate, coarse factor, host transfers and replay excluded",FP64 outer; FP64 or FP32 V-cycle,"[""smoke-q4"", ""optimized-q64"", ""optimized-q96"", ""uniform-q64""]",2,,,,
NVIDIA A100 80GB PCIe,81920 MiB,580.126.09,12090 (linked to CuPy) / 12060 (locally installed),13.6.0,"(12, 6)",3.12.3,"NVRTC (12, 6)",,results/session-f-a100-20260926/remote/installation,F,session-f-a100-20260926,AMD Ryzen Threadripper PRO 5955WX 16-Cores,16297,,2026-09-26T00:59:42.393565+00:00,experiments/session_f/protocol.json,results/session-f-a100-20260926/remote/run-01/result.json,"{""density"": 0.5, ""ladder"": [{""id"": ""2M"", ""preset"": ""cantilever_gpu_2M""}, {""id"": ""5M"", ""preset"": ""cantilever_gpu_5M""}, {""id"": ""10M"", ""nel"": [432, 216, 108], ""preset"": ""cantilever_gpu_5M""}, {""id"": ""20M"", ""nel"": [544, 272, 136], ""preset"": ""cantilever_gpu_5M""}, {""id"": ""33M"", ""nel"": [640, 320, 160], ""preset"": ""cantilever_gpu_5M""}], ""runs"": [{""arm"": ""stock"", ""schedule"": ""fp64""}, {""arm"": ""modal8_muladd"", ""schedule"": ""fp64""}, {""arm"": ""stock"", ""schedule"": ""mixed""}], ""solve"": {""maxiter"": 40, ""tol"": 1e-08}, ""stop_rule"": ""for each run, stop the ladder at the first size that fails (out of memory, error or timeout)""}","[""stock"", ""fused_ai_fp64"", ""modal8_muladd""]",,,,,"[""results/session-f-a100-20260926/rental.json"", ""results/session-f-a100-20260926/preflight.json"", ""results/session-f-a100-20260926/remote/run-01/result.json"", ""results/session-f-a100-20260926/remote/installation/cupy-config.txt"", ""results/session-f-a100-20260926/remote/installation/nvidia-smi.txt"", ""results/session-f-a100-20260926/remote/installation/uname.txt""]",,feasibility probes are cold subprocesses; not warm-solve measurements,separately recorded constructor/setup and capped solve in feasibility subprocess,FP64/mixed per stage,2.000376 M success on large cards; 5.029452 M allocation failure,3,,,,
NVIDIA H100 NVL,95830 MiB,570.211.01,12090 (linked to CuPy) / 12060 (locally installed),13.6.0,"(12, 6)",3.12.3,"NVRTC (12, 6)",,results/session-f-h100-20260926-attempt02/remote/installation,F,session-f-h100-20260926-attempt02,XEON® PLATINUM 8558,58970,,2026-09-26T01:18:17.714617+00:00,experiments/session_f/protocol.json,results/session-f-h100-20260926-attempt02/remote/run-01/result.json,"{""density"": 0.5, ""ladder"": [{""id"": ""2M"", ""preset"": ""cantilever_gpu_2M""}, {""id"": ""5M"", ""preset"": ""cantilever_gpu_5M""}, {""id"": ""10M"", ""nel"": [432, 216, 108], ""preset"": ""cantilever_gpu_5M""}, {""id"": ""20M"", ""nel"": [544, 272, 136], ""preset"": ""cantilever_gpu_5M""}, {""id"": ""33M"", ""nel"": [640, 320, 160], ""preset"": ""cantilever_gpu_5M""}], ""runs"": [{""arm"": ""stock"", ""schedule"": ""fp64""}, {""arm"": ""modal8_muladd"", ""schedule"": ""fp64""}, {""arm"": ""stock"", ""schedule"": ""mixed""}], ""solve"": {""maxiter"": 40, ""tol"": 1e-08}, ""stop_rule"": ""for each run, stop the ladder at the first size that fails (out of memory, error or timeout)""}","[""stock"", ""fused_ai_fp64"", ""modal8_muladd""]",,,,,"[""results/session-f-h100-20260926-attempt02/rental.json"", ""results/session-f-h100-20260926-attempt02/preflight.json"", ""results/session-f-h100-20260926-attempt02/remote/run-01/result.json"", ""results/session-f-h100-20260926-attempt02/remote/installation/cupy-config.txt"", ""results/session-f-h100-20260926-attempt02/remote/installation/nvidia-smi.txt"", ""results/session-f-h100-20260926-attempt02/remote/installation/uname.txt""]",,feasibility probes are cold subprocesses; not warm-solve measurements,separately recorded constructor/setup and capped solve in feasibility subprocess,FP64/mixed per stage,2.000376 M success on large cards; 5.029452 M allocation failure,3,,,,
NVIDIA GeForce RTX 4090,24564 MiB,595.84,12090 (linked to CuPy) / 12060 (locally installed),13.6.0,"(12, 6)",3.12.3,"NVRTC (12, 6)",,results/session-f-rtx4090-20260926/remote/installation,F,session-f-rtx4090-20260926,AMD EPYC 7R13 48-Core Processor,141861,,2026-09-26T00:44:30.837477+00:00,experiments/session_f/protocol.json,results/session-f-rtx4090-20260926/remote/run-01/result.json,"{""density"": 0.5, ""ladder"": [{""id"": ""2M"", ""preset"": ""cantilever_gpu_2M""}, {""id"": ""5M"", ""preset"": ""cantilever_gpu_5M""}, {""id"": ""10M"", ""nel"": [432, 216, 108], ""preset"": ""cantilever_gpu_5M""}, {""id"": ""20M"", ""nel"": [544, 272, 136], ""preset"": ""cantilever_gpu_5M""}, {""id"": ""33M"", ""nel"": [640, 320, 160], ""preset"": ""cantilever_gpu_5M""}], ""runs"": [{""arm"": ""stock"", ""schedule"": ""fp64""}, {""arm"": ""modal8_muladd"", ""schedule"": ""fp64""}, {""arm"": ""stock"", ""schedule"": ""mixed""}], ""solve"": {""maxiter"": 40, ""tol"": 1e-08}, ""stop_rule"": ""for each run, stop the ladder at the first size that fails (out of memory, error or timeout)""}","[""stock"", ""fused_ai_fp64"", ""modal8_muladd""]",,,,,"[""results/session-f-rtx4090-20260926/rental.json"", ""results/session-f-rtx4090-20260926/preflight.json"", ""results/session-f-rtx4090-20260926/remote/run-01/result.json"", ""results/session-f-rtx4090-20260926/remote/installation/cupy-config.txt"", ""results/session-f-rtx4090-20260926/remote/installation/nvidia-smi.txt"", ""results/session-f-rtx4090-20260926/remote/installation/uname.txt""]",,feasibility probes are cold subprocesses; not warm-solve measurements,separately recorded constructor/setup and capped solve in feasibility subprocess,FP64/mixed per stage,2.000376 M success on large cards; 5.029452 M allocation failure,3,,,,
NVIDIA GeForce RTX 4090,24564 MiB,570.133.07,12090 (linked to CuPy) / 12060 (locally installed),13.6.0,"(12, 6)",3.12.3,"NVRTC (12, 6)",,results/session-g-host1-20260926/remote/installation,G,session-g-host1-20260926,AMD EPYC 7282 16-Core Processor,38327,,2026-09-26T01:44:43.823626+00:00,experiments/session_g/protocol.json,results/session-g-host1-20260926/remote/run-01/result.json,"[{""id"": ""cantilever-216k"", ""note"": ""their E3 cantilever (reproduction)"", ""preset"": ""cantilever_gpu_large"", ""primary"": false}, {""id"": ""cantilever-512k"", ""preset"": ""cantilever_gpu_xlarge"", ""primary"": true}, {""id"": ""mbb-514k"", ""preset"": ""mbb_gpu_xlarge"", ""primary"": true}, {""id"": ""torsion-499k"", ""preset"": ""torsion_gpu_500k"", ""primary"": true}]","[""stock"", ""fused_ai_fp64"", ""modal8_muladd""]",,,,3,"[""results/session-g-host1-20260926/rental.json"", ""results/session-g-host1-20260926/preflight.json"", ""results/session-g-host1-20260926/remote/run-01/result.json"", ""results/session-g-host1-20260926/remote/installation/cupy-config.txt"", ""results/session-g-host1-20260926/remote/installation/nvidia-smi.txt"", ""results/session-g-host1-20260926/remote/installation/uname.txt""]",,one SIMP step for every case/schedule/arm before repetitions,synchronized wall timer around solver construction and all SIMP steps; final state saving and allocator cleanup excluded,FP64 outer; fp64 or mixed Galerkin schedule,"216000, 512000, 514500, 499125 elements",2,"[1, 2, 3]",,,
NVIDIA GeForce RTX 4090,24564 MiB,580.95.05,12090 (linked to CuPy) / 12060 (locally installed),13.6.0,"(12, 6)",3.12.3,"NVRTC (12, 6)",,results/session-g-host2-20260926/remote/installation,G,session-g-host2-20260926,AMD EPYC 7702 64-Core Processor,51615,,2026-09-26T02:44:46.921870+00:00,experiments/session_g/protocol.json,results/session-g-host2-20260926/remote/run-01/result.json,"[{""id"": ""cantilever-216k"", ""note"": ""their E3 cantilever (reproduction)"", ""preset"": ""cantilever_gpu_large"", ""primary"": false}, {""id"": ""cantilever-512k"", ""preset"": ""cantilever_gpu_xlarge"", ""primary"": true}, {""id"": ""mbb-514k"", ""preset"": ""mbb_gpu_xlarge"", ""primary"": true}, {""id"": ""torsion-499k"", ""preset"": ""torsion_gpu_500k"", ""primary"": true}]","[""stock"", ""fused_ai_fp64"", ""modal8_muladd""]",,,,3,"[""results/session-g-host2-20260926/rental.json"", ""results/session-g-host2-20260926/preflight.json"", ""results/session-g-host2-20260926/remote/run-01/result.json"", ""results/session-g-host2-20260926/remote/installation/cupy-config.txt"", ""results/session-g-host2-20260926/remote/installation/nvidia-smi.txt"", ""results/session-g-host2-20260926/remote/installation/uname.txt""]",,one SIMP step for every case/schedule/arm before repetitions,synchronized wall timer around solver construction and all SIMP steps; final state saving and allocator cleanup excluded,FP64 outer; fp64 or mixed Galerkin schedule,"216000, 512000, 514500, 499125 elements",2,"[1, 2, 3]",,,
NVIDIA GeForce RTX 4090,24564 MiB,560.35.03,12090 (linked to CuPy) / 12060 (locally installed),13.6.0,"(12, 6)",3.12.3,"NVRTC (12, 6)",,results/session-h-host1-20260926/remote/installation,H,session-h-host1-20260926,AMD EPYC 7502 32-Core Processor,16315,,2026-09-26T04:17:38.934876+00:00,experiments/session_h/protocol.json,results/session-h-host1-20260926/remote/run-01/result.json,"[{""id"": ""cantilever-216k"", ""note"": ""their E3 cantilever (reproduction)"", ""preset"": ""cantilever_gpu_large"", ""primary"": false}, {""id"": ""cantilever-512k"", ""preset"": ""cantilever_gpu_xlarge"", ""primary"": true}, {""id"": ""mbb-514k"", ""preset"": ""mbb_gpu_xlarge"", ""primary"": true}, {""id"": ""torsion-499k"", ""preset"": ""torsion_gpu_500k"", ""primary"": true}]","[""stock"", ""fused_ai_fp64"", ""modal8_muladd""]",,,,3,"[""results/session-h-host1-20260926/rental.json"", ""results/session-h-host1-20260926/preflight.json"", ""results/session-h-host1-20260926/remote/run-01/result.json"", ""results/session-h-host1-20260926/remote/installation/cupy-config.txt"", ""results/session-h-host1-20260926/remote/installation/nvidia-smi.txt"", ""results/session-h-host1-20260926/remote/installation/uname.txt""]",,one SIMP step for every case/schedule/arm before repetitions,synchronized wall timer around solver construction and all SIMP steps; final state saving and allocator cleanup excluded,FP64 outer; fp64 or mixed Galerkin schedule,"216000, 512000, 514500, 499125 elements",2,"[1, 2, 3]",,,
NVIDIA GeForce RTX 4090,24564 MiB,570.211.01,12090 (linked to CuPy) / 12060 (locally installed),13.6.0,"(12, 6)",3.12.3,"NVRTC (12, 6)",,results/session-h-host2-20260926/remote/installation,H,session-h-host2-20260926,AMD EPYC 7502 32-Core Processor,14909,,2026-09-26T04:18:54.231952+00:00,experiments/session_h/protocol.json,results/session-h-host2-20260926/remote/run-01/result.json,"[{""id"": ""cantilever-216k"", ""note"": ""their E3 cantilever (reproduction)"", ""preset"": ""cantilever_gpu_large"", ""primary"": false}, {""id"": ""cantilever-512k"", ""preset"": ""cantilever_gpu_xlarge"", ""primary"": true}, {""id"": ""mbb-514k"", ""preset"": ""mbb_gpu_xlarge"", ""primary"": true}, {""id"": ""torsion-499k"", ""preset"": ""torsion_gpu_500k"", ""primary"": true}]","[""stock"", ""fused_ai_fp64"", ""modal8_muladd""]",,,,3,"[""results/session-h-host2-20260926/rental.json"", ""results/session-h-host2-20260926/preflight.json"", ""results/session-h-host2-20260926/remote/run-01/result.json"", ""results/session-h-host2-20260926/remote/installation/cupy-config.txt"", ""results/session-h-host2-20260926/remote/installation/nvidia-smi.txt"", ""results/session-h-host2-20260926/remote/installation/uname.txt""]",,one SIMP step for every case/schedule/arm before repetitions,synchronized wall timer around solver construction and all SIMP steps; final state saving and allocator cleanup excluded,FP64 outer; fp64 or mixed Galerkin schedule,"216000, 512000, 514500, 499125 elements",2,"[1, 2, 3]",,,
NVIDIA A100 80GB PCIe,81920 MiB,595.71.05,12090 (linked to CuPy) / 12060 (locally installed),13.6.0,"(12, 6)",3.12.3,"NVRTC (12, 6)",,results/session-i-a100-20260926/remote/installation,I,session-i-a100-20260926,AMD EPYC 7713 64-Core Processor,71654,85094825984,2026-09-26T04:40:57.131715+00:00,experiments/session_i/protocol.json,results/session-i-a100-20260926/remote/run-01/result.json,"[{""id"": ""q96x1"", ""note"": ""session E's q96 design (1.77 M elements), continuity"", ""primary"": false, ""q"": 96}, {""id"": ""q64x2"", ""note"": ""4.19 M elements, 12.8 M DOFs"", ""primary"": true, ""q"": 128}, {""id"": ""q96x2"", ""note"": ""14.16 M elements, 43.0 M DOFs"", ""primary"": true, ""q"": 192}, {""id"": ""q96x3"", ""note"": ""47.78 M elements, 143.5 M DOFs"", ""primary"": true, ""q"": 288}]","[{""id"": ""mg64-fused_ai"", ""outer"": ""fused_ai_fp64"", ""precision"": ""fp64"", ""vcycle"": ""fused_ai_fp64""}, {""id"": ""mg64-node"", ""outer"": ""node_fp64"", ""precision"": ""fp64"", ""vcycle"": ""node_fp64""}, {""id"": ""mg64-modal8_muladd"", ""outer"": ""modal8_muladd"", ""precision"": ""fp64"", ""vcycle"": ""modal8_muladd""}, {""id"": ""mg32-node64-node32"", ""outer"": ""node_fp64"", ""precision"": ""fp32"", ""vcycle"": ""node_fp32""}, {""id"": ""mg32-fused_ai64-node32"", ""outer"": ""fused_ai_fp64"", ""precision"": ""fp32"", ""vcycle"": ""node_fp32""}, {""id"": ""mg32-modal8_muladd-node32"", ""outer"": ""modal8_muladd"", ""precision"": ""fp32"", ""vcycle"": ""node_fp32""}]","{""fp64_relative_limit"": 1e-11, ""paths"": [""fused_ai_fp64"", ""node_fp64"", ""modal8_muladd""], ""products"": 10, ""rounds"": 5, ""variants"": [], ""vector"": ""seeded standard normal (order_seed + q), constrained DOFs zeroed; raw operator product timed""}","{""arms"": [""mg64-fused_ai"", ""mg64-node"", ""mg64-modal8_muladd"", ""mg32-node64-node32"", ""mg32-fused_ai64-node32"", ""mg32-modal8_muladd-node32""], ""iterations_from_arm"": ""mg64-fused_ai"", ""rounds"": 3, ""rule"": ""K = max converged outer iterations of mg64-fused_ai over its to-tolerance repetitions; every arm runs exactly K outer iterations""}","{""repetitions"": 2}",,"[""results/session-i-a100-20260926/rental.json"", ""results/session-i-a100-20260926/preflight.json"", ""results/session-i-a100-20260926/remote/run-01/result.json"", ""results/session-i-a100-20260926/remote/installation/cupy-config.txt"", ""results/session-i-a100-20260926/remote/installation/nvidia-smi.txt"", ""results/session-i-a100-20260926/remote/installation/uname.txt""]",,one untimed two-iteration solve per arm; E/I raw-product validation call per path before product timing,"warm synchronized solve, including solver vector allocation and true-residual recomputation; hierarchy, spectral estimate, coarse factor, host transfers and replay excluded",FP64 outer; FP64 or FP32 V-cycle,"[""q96x1"", ""q64x2"", ""q96x2"", ""q96x3""]",3,,,,
NVIDIA H100 80GB HBM3,81559 MiB,595.71.05,12090 (linked to CuPy) / 12060 (locally installed),13.6.0,"(12, 6)",3.12.3,"NVRTC (12, 6)",,results/session-i-h100-20260926/remote/installation,I,session-i-h100-20260926,AMD EPYC 9454 48-Core Processor,149870,85019590656,2026-09-26T05:27:19.460346+00:00,experiments/session_i/protocol.json,results/session-i-h100-20260926/remote/run-01/result.json,"[{""id"": ""q96x1"", ""note"": ""session E's q96 design (1.77 M elements), continuity"", ""primary"": false, ""q"": 96}, {""id"": ""q64x2"", ""note"": ""4.19 M elements, 12.8 M DOFs"", ""primary"": true, ""q"": 128}, {""id"": ""q96x2"", ""note"": ""14.16 M elements, 43.0 M DOFs"", ""primary"": true, ""q"": 192}, {""id"": ""q96x3"", ""note"": ""47.78 M elements, 143.5 M DOFs"", ""primary"": true, ""q"": 288}]","[{""id"": ""mg64-fused_ai"", ""outer"": ""fused_ai_fp64"", ""precision"": ""fp64"", ""vcycle"": ""fused_ai_fp64""}, {""id"": ""mg64-node"", ""outer"": ""node_fp64"", ""precision"": ""fp64"", ""vcycle"": ""node_fp64""}, {""id"": ""mg64-modal8_muladd"", ""outer"": ""modal8_muladd"", ""precision"": ""fp64"", ""vcycle"": ""modal8_muladd""}, {""id"": ""mg32-node64-node32"", ""outer"": ""node_fp64"", ""precision"": ""fp32"", ""vcycle"": ""node_fp32""}, {""id"": ""mg32-fused_ai64-node32"", ""outer"": ""fused_ai_fp64"", ""precision"": ""fp32"", ""vcycle"": ""node_fp32""}, {""id"": ""mg32-modal8_muladd-node32"", ""outer"": ""modal8_muladd"", ""precision"": ""fp32"", ""vcycle"": ""node_fp32""}]","{""fp64_relative_limit"": 1e-11, ""paths"": [""fused_ai_fp64"", ""node_fp64"", ""modal8_muladd""], ""products"": 10, ""rounds"": 5, ""variants"": [], ""vector"": ""seeded standard normal (order_seed + q), constrained DOFs zeroed; raw operator product timed""}","{""arms"": [""mg64-fused_ai"", ""mg64-node"", ""mg64-modal8_muladd"", ""mg32-node64-node32"", ""mg32-fused_ai64-node32"", ""mg32-modal8_muladd-node32""], ""iterations_from_arm"": ""mg64-fused_ai"", ""rounds"": 3, ""rule"": ""K = max converged outer iterations of mg64-fused_ai over its to-tolerance repetitions; every arm runs exactly K outer iterations""}","{""repetitions"": 2}",,"[""results/session-i-h100-20260926/rental.json"", ""results/session-i-h100-20260926/preflight.json"", ""results/session-i-h100-20260926/remote/run-01/result.json"", ""results/session-i-h100-20260926/remote/installation/cupy-config.txt"", ""results/session-i-h100-20260926/remote/installation/nvidia-smi.txt"", ""results/session-i-h100-20260926/remote/installation/uname.txt""]",,one untimed two-iteration solve per arm; E/I raw-product validation call per path before product timing,"warm synchronized solve, including solver vector allocation and true-residual recomputation; hierarchy, spectral estimate, coarse factor, host transfers and replay excluded",FP64 outer; FP64 or FP32 V-cycle,"[""q96x1"", ""q64x2"", ""q96x2"", ""q96x3""]",3,,,,
NVIDIA GeForce RTX 4090,24564 MiB,560.35.03,12090 (linked to CuPy) / 12060 (locally installed),13.6.0,"(12, 6)",3.12.3,"NVRTC (12, 6)",,results/session-i-rtx4090-20260926/remote/installation,I,session-i-rtx4090-20260926,AMD EPYC 7702 64-Core Processor,14726,25280184320,2026-09-26T04:30:58.845881+00:00,experiments/session_i/protocol.json,results/session-i-rtx4090-20260926/remote/run-01/result.json,"[{""id"": ""q96x1"", ""note"": ""session E's q96 design (1.77 M elements), continuity"", ""primary"": false, ""q"": 96}, {""id"": ""q64x2"", ""note"": ""4.19 M elements, 12.8 M DOFs"", ""primary"": true, ""q"": 128}, {""id"": ""q96x2"", ""note"": ""14.16 M elements, 43.0 M DOFs"", ""primary"": true, ""q"": 192}, {""id"": ""q96x3"", ""note"": ""47.78 M elements, 143.5 M DOFs"", ""primary"": true, ""q"": 288}]","[{""id"": ""mg64-fused_ai"", ""outer"": ""fused_ai_fp64"", ""precision"": ""fp64"", ""vcycle"": ""fused_ai_fp64""}, {""id"": ""mg64-node"", ""outer"": ""node_fp64"", ""precision"": ""fp64"", ""vcycle"": ""node_fp64""}, {""id"": ""mg64-modal8_muladd"", ""outer"": ""modal8_muladd"", ""precision"": ""fp64"", ""vcycle"": ""modal8_muladd""}, {""id"": ""mg32-node64-node32"", ""outer"": ""node_fp64"", ""precision"": ""fp32"", ""vcycle"": ""node_fp32""}, {""id"": ""mg32-fused_ai64-node32"", ""outer"": ""fused_ai_fp64"", ""precision"": ""fp32"", ""vcycle"": ""node_fp32""}, {""id"": ""mg32-modal8_muladd-node32"", ""outer"": ""modal8_muladd"", ""precision"": ""fp32"", ""vcycle"": ""node_fp32""}]","{""fp64_relative_limit"": 1e-11, ""paths"": [""fused_ai_fp64"", ""node_fp64"", ""modal8_muladd""], ""products"": 10, ""rounds"": 5, ""variants"": [], ""vector"": ""seeded standard normal (order_seed + q), constrained DOFs zeroed; raw operator product timed""}","{""arms"": [""mg64-fused_ai"", ""mg64-node"", ""mg64-modal8_muladd"", ""mg32-node64-node32"", ""mg32-fused_ai64-node32"", ""mg32-modal8_muladd-node32""], ""iterations_from_arm"": ""mg64-fused_ai"", ""rounds"": 3, ""rule"": ""K = max converged outer iterations of mg64-fused_ai over its to-tolerance repetitions; every arm runs exactly K outer iterations""}","{""repetitions"": 2}",,"[""results/session-i-rtx4090-20260926/rental.json"", ""results/session-i-rtx4090-20260926/preflight.json"", ""results/session-i-rtx4090-20260926/remote/run-01/result.json"", ""results/session-i-rtx4090-20260926/remote/installation/cupy-config.txt"", ""results/session-i-rtx4090-20260926/remote/installation/nvidia-smi.txt"", ""results/session-i-rtx4090-20260926/remote/installation/uname.txt""]",,one untimed two-iteration solve per arm; E/I raw-product validation call per path before product timing,"warm synchronized solve, including solver vector allocation and true-residual recomputation; hierarchy, spectral estimate, coarse factor, host transfers and replay excluded",FP64 outer; FP64 or FP32 V-cycle,"[""q96x1"", ""q64x2"", ""q96x2""]",3,,,,
NVIDIA GeForce RTX 4090,24564 MiB,595.84,12090 (linked to CuPy) / 12060 (locally installed),13.6.0,"(12, 6)",,"NVRTC (12, 6)",,,synthetic,kernel-rtx4090,AMD EPYC 7B13 64-Core Processor,146201,25252724736,2026-09-23T12:31:50.678311+00:00,evidence/kernel-rtx4090/protocol.json,evidence/kernel-rtx4090/result.json,,"[""three_stage_fp64"", ""fused_fp64"", ""fused_ai_fp64"", ""node_fp64"", ""dense8"", ""modal8""]","{""all_case_reporting"": true, ""bootstrap_resamples"": 10000, ""bootstrap_seed"": 20260924, ""buffer_reuse"": true, ""calls_per_batch"": 20, ""density"": ""Deterministic heterogeneous synthetic field in [0.02,1]; no claim that it is an optimized design. Exact generation code and arrays frozen before rental."", ""floor"": 1e-06, ""input"": ""Seeded random FP64 probe, same arrays for every path; x=0 fixed face with full identity on constrained rows."", ""measurement"": ""CUDA events with end-event synchronization; also report elapsed host time for each batch. Never time asynchronously without synchronization."", ""order"": ""Seeded random path permutation in each round; retain raw order, GPU event duration and synchronized host elapsed time."", ""per_case_criterion"": ""For every baseline, paired median baseline/candidate GPU-event ratio >=1.15, and one-sided 95% paired bootstrap lower limit >1.05."", ""primary_cases"": [[128, 64, 64], [192, 96, 96]], ""rounds"": 11, ""seed"": 20260923, ""shapes"": [[64, 32, 32], [128, 64, 64], [192, 96, 96], [96, 48, 64]], ""timed_scope"": ""Complete constrained product call, including required output zeroing, masking, kernel launches, assembly and constraint restoration. CPU data generation, transfers, setup/JIT and validation are outside steady-state time and reported separately; no whole-application claim."", ""uniform_cell_h"": 0.0625, ""warmup_calls_per_path"": 5}",,,11 paired rounds; 20 calls per batch,"[""evidence/kernel-rtx4090/result.json"", ""provenance/supplement/manifest-metadata/synthetic-4090-rental.json"", ""provenance/supplement/manifest-metadata/synthetic-4090-cupy-config.txt""]",,five calls per path,"Complete constrained product call, including required output zeroing, masking, kernel launches, assembly and constraint restoration. CPU data generation, transfers, setup/JIT and validation are outside steady-state time and reported separately; no whole-application claim.",FP64; parity plain only,"[[64, 32, 32], [128, 64, 64], [192, 96, 96], [96, 48, 64]]",2,,,,
NVIDIA GeForce RTX 3090,24576 MiB,595.84,12090 (linked to CuPy) / 12060 (locally installed),13.6.0,"(12, 6)",,"NVRTC (12, 6)",,,synthetic,kernel-rtx3090-replication,AMD EPYC 7532 32-Core Processor,42215,25298141184,2026-09-23T12:58:32.427151+00:00,evidence/kernel-rtx4090/protocol.json,evidence/kernel-rtx3090-replication/result.json,,"[""three_stage_fp64"", ""fused_fp64"", ""fused_ai_fp64"", ""node_fp64"", ""dense8"", ""modal8""]","{""all_case_reporting"": true, ""bootstrap_resamples"": 10000, ""bootstrap_seed"": 20260924, ""buffer_reuse"": true, ""calls_per_batch"": 20, ""density"": ""Deterministic heterogeneous synthetic field in [0.02,1]; no claim that it is an optimized design. Exact generation code and arrays frozen before rental."", ""floor"": 1e-06, ""input"": ""Seeded random FP64 probe, same arrays for every path; x=0 fixed face with full identity on constrained rows."", ""measurement"": ""CUDA events with end-event synchronization; also report elapsed host time for each batch. Never time asynchronously without synchronization."", ""order"": ""Seeded random path permutation in each round; retain raw order, GPU event duration and synchronized host elapsed time."", ""per_case_criterion"": ""For every baseline, paired median baseline/candidate GPU-event ratio >=1.15, and one-sided 95% paired bootstrap lower limit >1.05."", ""primary_cases"": [[128, 64, 64], [192, 96, 96]], ""rounds"": 11, ""seed"": 20260923, ""shapes"": [[64, 32, 32], [128, 64, 64], [192, 96, 96], [96, 48, 64]], ""timed_scope"": ""Complete constrained product call, including required output zeroing, masking, kernel launches, assembly and constraint restoration. CPU data generation, transfers, setup/JIT and validation are outside steady-state time and reported separately; no whole-application claim."", ""uniform_cell_h"": 0.0625, ""warmup_calls_per_path"": 5}",,,11 paired rounds; 20 calls per batch,"[""evidence/kernel-rtx3090-replication/result.json"", ""provenance/supplement/manifest-metadata/synthetic-3090-rental.json"", ""provenance/supplement/manifest-metadata/synthetic-3090-cupy-config.txt""]",,five calls per path,"Complete constrained product call, including required output zeroing, masking, kernel launches, assembly and constraint restoration. CPU data generation, transfers, setup/JIT and validation are outside steady-state time and reported separately; no whole-application claim.",FP64; parity plain only,"[[64, 32, 32], [128, 64, 64], [192, 96, 96], [96, 48, 64]]",2,,,,
NVIDIA GeForce RTX 4090,24564 MiB,535.183.01,12.2.140 installed cudart; linked version NR,13.6.0,12.2.140 installed,,NVRTC 12.2.140,,results/session-j-rtx4090vm-20260926-attempt07/remote/installation,J,session-j-rtx4090vm-20260926-attempt07,AMD EPYC 7K62 48-Core Processor,103782,,,experiments/session_j/protocol.json,results/session-j-rtx4090vm-20260926-attempt07/remote/ncu/ncu-modal8_muladd.csv,,"[""dense8"", ""modal8"", ""modal8_muladd"", ""fused_matvec_ai_fp64"", ""node_matvec_fp64""]",,,,one selected launch per kernel; twelve profiler replay passes,"[""results/session-j-rtx4090vm-20260926-attempt07/rental.json"", ""results/session-j-rtx4090vm-20260926-attempt07/remote/installation/nvidia-smi.txt"", ""results/session-j-rtx4090vm-20260926-attempt07/remote/installation/pip-freeze.txt"", ""results/session-j-rtx4090vm-20260926-attempt07/remote/installation/nvrtc-location.txt"", ""results/session-j-rtx4090vm-20260926-attempt07/remote/installation/cuda-runtime-install.log""]",Installed CUDA/NVRTC version retained; loaded-version query and achieved clock lock not retained; see algebra-counters.md,two matching launches skipped before selected launch,"Nsight Compute selected-kernel replay duration; excludes wrapper zeroing, projection and host overhead",FP64,"[128, 64, 64]",1,,installed library; loaded-version query not retained,2023.2.2.0,
NVIDIA GeForce RTX 4090,24564 MiB,595.58.03,CUDA 12.6 SDK/header probe,native harness,,,nvcc 12.6.85; GCC 11.4.0,GCC 11.4.0,,libCEED,libceed-resident,AMD Ryzen 5 5600X 6-Core Processor,,,,evidence/companion/results/rescope/hex-modal-libceed-resident-20260924/protocol.json,evidence/companion/results/rescope/hex-modal-libceed-resident-20260924/rental-01/local-verification.json,,"[""modal8"", ""dense8"", ""modal_signbit"", ""symmetric_half"", ""modal_signed_muladd"", ""ceed_ref"", ""ceed_shared"", ""ceed_gen""]",,,,"{""analysis"": ""Exact one-sided sign test on paired control/candidate host-wall ratios strictly above1.05; ties are nonwins. Holm FWER covers all30 fixed comparisons even if observations are missing. Each needs median>1.05 and adjustedp<=.05. All five controls on all six primary cases must pass, with every batch at least5ms."", ""calls_per_batch"": 256, ""candidate"": ""modal_signed_muladd"", ""controls"": [""dense8"", ""symmetric_half"", ""ceed_ref"", ""ceed_shared"", ""ceed_gen""], ""familywise_alpha"": 0.05, ""limitations"": ""Twelve randomized blocks within one allocation do not establish independent-session replication. No favorable subset or adaptive stopping qualifies."", ""minimum_batch_seconds"": 0.005, ""minimum_ratio"": 1.05, ""rounds"": 12, ""warm_seconds"": 5, ""within_family_ablations"": [""modal8"", ""modal_signbit""]}","[""provenance/supplement/manifest-metadata/libceed-compiler.json"", ""provenance/supplement/manifest-metadata/libceed-cpu.json"", ""provenance/supplement/manifest-metadata/libceed-gpu-before.json"", ""provenance/supplement/manifest-metadata/libceed-host-compiler.json"", ""provenance/supplement/manifest-metadata/libceed-sdk-layout.json"", ""provenance/supplement/manifest-metadata/libceed-sdk-probe-run.json""]",NVRTC loaded-version query not recorded separately; native nvcc/GCC compiler versions retained.,five seconds; twelve blocks of 256 actions per path/case,"Every action clears reused output, assembles the same density-scaled element law, applies exact identity rows on the GPU and ends with cudaDeviceSynchronize. Host steady-clock batch time is primary; CUDA event time is secondary. Setup, input conversion, allocation, transfers, compilation, JIT warmup and numerical output are excluded uniformly. Fault-only context updates occur outside every timed block. Library arrays remain device resident during timing.",FP64,"[[64, 32, 32], [64, 32, 32], [128, 64, 64], [128, 64, 64], [192, 96, 96], [192, 96, 96]]",1,,,,"Unchanged custom nvcc -O3 c++17 sm89 lineinfo defaults; bridge gcc O2 C11 fp-contract=off no-fast-math; libCEED unchanged make CUDA12.6 sm89 O3 fp-contract=off no-fast-math. Record version, commands, linked libraries, custom PTX/SASS/resources and binary hashes. No static-instruction eligibility filter or inferred dynamic bottleneck."
