host,gpu,case,round,arm,ms_per_product
session-i-a100-20260926,NVIDIA A100 80GB PCIe,q96x1,0,modal8_muladd,0.8365632057189941
session-i-a100-20260926,NVIDIA A100 80GB PCIe,q96x1,0,node_fp64,0.4745215892791748
session-i-a100-20260926,NVIDIA A100 80GB PCIe,q96x1,0,fused_ai_fp64,0.5951488018035889
session-i-a100-20260926,NVIDIA A100 80GB PCIe,q96x1,1,node_fp64,0.4720640182495117
session-i-a100-20260926,NVIDIA A100 80GB PCIe,q96x1,1,fused_ai_fp64,0.5946368217468262
session-i-a100-20260926,NVIDIA A100 80GB PCIe,q96x1,1,modal8_muladd,0.7774208068847657
session-i-a100-20260926,NVIDIA A100 80GB PCIe,q96x1,2,node_fp64,0.4704256057739258
session-i-a100-20260926,NVIDIA A100 80GB PCIe,q96x1,2,fused_ai_fp64,0.5948416233062744
session-i-a100-20260926,NVIDIA A100 80GB PCIe,q96x1,2,modal8_muladd,0.7928832054138184
session-i-a100-20260926,NVIDIA A100 80GB PCIe,q96x1,3,modal8_muladd,0.7923711776733399
session-i-a100-20260926,NVIDIA A100 80GB PCIe,q96x1,3,node_fp64,0.48046078681945803
session-i-a100-20260926,NVIDIA A100 80GB PCIe,q96x1,3,fused_ai_fp64,0.6006783962249755
session-i-a100-20260926,NVIDIA A100 80GB PCIe,q96x1,4,fused_ai_fp64,0.6003712177276611
session-i-a100-20260926,NVIDIA A100 80GB PCIe,q96x1,4,node_fp64,0.4750336170196533
session-i-a100-20260926,NVIDIA A100 80GB PCIe,q96x1,4,modal8_muladd,0.7937024116516114
session-i-a100-20260926,NVIDIA A100 80GB PCIe,q64x2,0,node_fp64,1.2360544204711914
session-i-a100-20260926,NVIDIA A100 80GB PCIe,q64x2,0,fused_ai_fp64,1.4108672142028809
session-i-a100-20260926,NVIDIA A100 80GB PCIe,q64x2,0,modal8_muladd,1.8547712326049806
session-i-a100-20260926,NVIDIA A100 80GB PCIe,q64x2,1,fused_ai_fp64,1.3914112091064452
session-i-a100-20260926,NVIDIA A100 80GB PCIe,q64x2,1,modal8_muladd,1.8539520263671876
session-i-a100-20260926,NVIDIA A100 80GB PCIe,q64x2,1,node_fp64,1.1626496315002441
session-i-a100-20260926,NVIDIA A100 80GB PCIe,q64x2,2,fused_ai_fp64,1.4048255920410155
session-i-a100-20260926,NVIDIA A100 80GB PCIe,q64x2,2,modal8_muladd,1.8938880920410157
session-i-a100-20260926,NVIDIA A100 80GB PCIe,q64x2,2,node_fp64,1.1759615898132325
session-i-a100-20260926,NVIDIA A100 80GB PCIe,q64x2,3,modal8_muladd,1.8811904907226562
session-i-a100-20260926,NVIDIA A100 80GB PCIe,q64x2,3,fused_ai_fp64,1.4422016143798828
session-i-a100-20260926,NVIDIA A100 80GB PCIe,q64x2,3,node_fp64,1.188044834136963
session-i-a100-20260926,NVIDIA A100 80GB PCIe,q64x2,4,modal8_muladd,1.941196823120117
session-i-a100-20260926,NVIDIA A100 80GB PCIe,q64x2,4,node_fp64,1.2112895965576171
session-i-a100-20260926,NVIDIA A100 80GB PCIe,q64x2,4,fused_ai_fp64,1.4462976455688477
session-i-a100-20260926,NVIDIA A100 80GB PCIe,q96x2,0,modal8_muladd,6.369465637207031
session-i-a100-20260926,NVIDIA A100 80GB PCIe,q96x2,0,fused_ai_fp64,4.722175979614258
session-i-a100-20260926,NVIDIA A100 80GB PCIe,q96x2,0,node_fp64,4.101324844360351
session-i-a100-20260926,NVIDIA A100 80GB PCIe,q96x2,1,fused_ai_fp64,5.024665451049804
session-i-a100-20260926,NVIDIA A100 80GB PCIe,q96x2,1,node_fp64,4.120985412597657
session-i-a100-20260926,NVIDIA A100 80GB PCIe,q96x2,1,modal8_muladd,6.547353363037109
session-i-a100-20260926,NVIDIA A100 80GB PCIe,q96x2,2,node_fp64,4.036812973022461
session-i-a100-20260926,NVIDIA A100 80GB PCIe,q96x2,2,modal8_muladd,6.584320068359375
session-i-a100-20260926,NVIDIA A100 80GB PCIe,q96x2,2,fused_ai_fp64,4.951551818847657
session-i-a100-20260926,NVIDIA A100 80GB PCIe,q96x2,3,modal8_muladd,6.283878326416016
session-i-a100-20260926,NVIDIA A100 80GB PCIe,q96x2,3,node_fp64,4.0130561828613285
session-i-a100-20260926,NVIDIA A100 80GB PCIe,q96x2,3,fused_ai_fp64,5.049753570556641
session-i-a100-20260926,NVIDIA A100 80GB PCIe,q96x2,4,fused_ai_fp64,4.886732864379883
session-i-a100-20260926,NVIDIA A100 80GB PCIe,q96x2,4,node_fp64,4.087500762939453
session-i-a100-20260926,NVIDIA A100 80GB PCIe,q96x2,4,modal8_muladd,6.515916442871093
session-i-a100-20260926,NVIDIA A100 80GB PCIe,q96x3,0,modal8_muladd,21.645893859863282
session-i-a100-20260926,NVIDIA A100 80GB PCIe,q96x3,0,node_fp64,14.240357971191406
session-i-a100-20260926,NVIDIA A100 80GB PCIe,q96x3,0,fused_ai_fp64,16.534425354003908
session-i-a100-20260926,NVIDIA A100 80GB PCIe,q96x3,1,fused_ai_fp64,16.221286010742187
session-i-a100-20260926,NVIDIA A100 80GB PCIe,q96x3,1,modal8_muladd,21.26612548828125
session-i-a100-20260926,NVIDIA A100 80GB PCIe,q96x3,1,node_fp64,14.50946502685547
session-i-a100-20260926,NVIDIA A100 80GB PCIe,q96x3,2,modal8_muladd,21.632716369628906
session-i-a100-20260926,NVIDIA A100 80GB PCIe,q96x3,2,node_fp64,14.259814453125
session-i-a100-20260926,NVIDIA A100 80GB PCIe,q96x3,2,fused_ai_fp64,16.561766052246092
session-i-a100-20260926,NVIDIA A100 80GB PCIe,q96x3,3,fused_ai_fp64,16.306072998046876
session-i-a100-20260926,NVIDIA A100 80GB PCIe,q96x3,3,modal8_muladd,21.27441864013672
session-i-a100-20260926,NVIDIA A100 80GB PCIe,q96x3,3,node_fp64,14.490316772460938
session-i-a100-20260926,NVIDIA A100 80GB PCIe,q96x3,4,fused_ai_fp64,16.62750701904297
session-i-a100-20260926,NVIDIA A100 80GB PCIe,q96x3,4,node_fp64,14.33385009765625
session-i-a100-20260926,NVIDIA A100 80GB PCIe,q96x3,4,modal8_muladd,21.569024658203126
session-i-h100-20260926,NVIDIA H100 80GB HBM3,q96x1,0,modal8_muladd,0.5211071968078613
session-i-h100-20260926,NVIDIA H100 80GB HBM3,q96x1,0,node_fp64,0.3519520044326782
session-i-h100-20260926,NVIDIA H100 80GB HBM3,q96x1,0,fused_ai_fp64,0.404636812210083
session-i-h100-20260926,NVIDIA H100 80GB HBM3,q96x1,1,node_fp64,0.35066239833831786
session-i-h100-20260926,NVIDIA H100 80GB HBM3,q96x1,1,fused_ai_fp64,0.40302081108093263
session-i-h100-20260926,NVIDIA H100 80GB HBM3,q96x1,1,modal8_muladd,0.4900320053100586
session-i-h100-20260926,NVIDIA H100 80GB HBM3,q96x1,2,node_fp64,0.3507967948913574
session-i-h100-20260926,NVIDIA H100 80GB HBM3,q96x1,2,fused_ai_fp64,0.41014719009399414
session-i-h100-20260926,NVIDIA H100 80GB HBM3,q96x1,2,modal8_muladd,0.5690303802490234
session-i-h100-20260926,NVIDIA H100 80GB HBM3,q96x1,3,modal8_muladd,0.5696800231933594
session-i-h100-20260926,NVIDIA H100 80GB HBM3,q96x1,3,node_fp64,0.3371583938598633
session-i-h100-20260926,NVIDIA H100 80GB HBM3,q96x1,3,fused_ai_fp64,0.4493408203125
session-i-h100-20260926,NVIDIA H100 80GB HBM3,q96x1,4,fused_ai_fp64,0.4583104133605957
session-i-h100-20260926,NVIDIA H100 80GB HBM3,q96x1,4,node_fp64,0.3468991994857788
session-i-h100-20260926,NVIDIA H100 80GB HBM3,q96x1,4,modal8_muladd,0.5814176082611084
session-i-h100-20260926,NVIDIA H100 80GB HBM3,q64x2,0,node_fp64,0.9433792114257813
session-i-h100-20260926,NVIDIA H100 80GB HBM3,q64x2,0,fused_ai_fp64,0.9415167808532715
session-i-h100-20260926,NVIDIA H100 80GB HBM3,q64x2,0,modal8_muladd,1.1406559944152832
session-i-h100-20260926,NVIDIA H100 80GB HBM3,q64x2,1,fused_ai_fp64,0.9431360244750977
session-i-h100-20260926,NVIDIA H100 80GB HBM3,q64x2,1,modal8_muladd,1.2699040412902831
session-i-h100-20260926,NVIDIA H100 80GB HBM3,q64x2,1,node_fp64,0.8803168296813965
session-i-h100-20260926,NVIDIA H100 80GB HBM3,q64x2,2,fused_ai_fp64,1.070467185974121
session-i-h100-20260926,NVIDIA H100 80GB HBM3,q64x2,2,modal8_muladd,1.3586976051330566
session-i-h100-20260926,NVIDIA H100 80GB HBM3,q64x2,2,node_fp64,0.8268223762512207
session-i-h100-20260926,NVIDIA H100 80GB HBM3,q64x2,3,modal8_muladd,1.408777618408203
session-i-h100-20260926,NVIDIA H100 80GB HBM3,q64x2,3,fused_ai_fp64,1.1088224411010743
session-i-h100-20260926,NVIDIA H100 80GB HBM3,q64x2,3,node_fp64,0.8250975608825684
session-i-h100-20260926,NVIDIA H100 80GB HBM3,q64x2,4,modal8_muladd,1.3902400016784668
session-i-h100-20260926,NVIDIA H100 80GB HBM3,q64x2,4,node_fp64,0.8262720108032227
session-i-h100-20260926,NVIDIA H100 80GB HBM3,q64x2,4,fused_ai_fp64,1.0897600173950195
session-i-h100-20260926,NVIDIA H100 80GB HBM3,q96x2,0,modal8_muladd,4.083174514770508
session-i-h100-20260926,NVIDIA H100 80GB HBM3,q96x2,0,fused_ai_fp64,3.4216480255126953
session-i-h100-20260926,NVIDIA H100 80GB HBM3,q96x2,0,node_fp64,2.8507999420166015
session-i-h100-20260926,NVIDIA H100 80GB HBM3,q96x2,1,fused_ai_fp64,3.8624576568603515
session-i-h100-20260926,NVIDIA H100 80GB HBM3,q96x2,1,node_fp64,2.8007104873657225
session-i-h100-20260926,NVIDIA H100 80GB HBM3,q96x2,1,modal8_muladd,4.97371826171875
session-i-h100-20260926,NVIDIA H100 80GB HBM3,q96x2,2,node_fp64,2.9797855377197267
session-i-h100-20260926,NVIDIA H100 80GB HBM3,q96x2,2,modal8_muladd,4.743324661254883
session-i-h100-20260926,NVIDIA H100 80GB HBM3,q96x2,2,fused_ai_fp64,3.571788787841797
session-i-h100-20260926,NVIDIA H100 80GB HBM3,q96x2,3,modal8_muladd,4.558022308349609
session-i-h100-20260926,NVIDIA H100 80GB HBM3,q96x2,3,node_fp64,3.0500160217285157
session-i-h100-20260926,NVIDIA H100 80GB HBM3,q96x2,3,fused_ai_fp64,3.6844928741455076
session-i-h100-20260926,NVIDIA H100 80GB HBM3,q96x2,4,fused_ai_fp64,3.6705535888671874
session-i-h100-20260926,NVIDIA H100 80GB HBM3,q96x2,4,node_fp64,3.178867149353027
session-i-h100-20260926,NVIDIA H100 80GB HBM3,q96x2,4,modal8_muladd,4.6940864562988285
session-i-h100-20260926,NVIDIA H100 80GB HBM3,q96x3,0,modal8_muladd,14.929580688476562
session-i-h100-20260926,NVIDIA H100 80GB HBM3,q96x3,0,node_fp64,10.110457611083984
session-i-h100-20260926,NVIDIA H100 80GB HBM3,q96x3,0,fused_ai_fp64,12.475183868408203
session-i-h100-20260926,NVIDIA H100 80GB HBM3,q96x3,1,fused_ai_fp64,12.231712341308594
session-i-h100-20260926,NVIDIA H100 80GB HBM3,q96x3,1,modal8_muladd,15.371810913085938
session-i-h100-20260926,NVIDIA H100 80GB HBM3,q96x3,1,node_fp64,12.424211120605468
session-i-h100-20260926,NVIDIA H100 80GB HBM3,q96x3,2,modal8_muladd,21.111740112304688
session-i-h100-20260926,NVIDIA H100 80GB HBM3,q96x3,2,node_fp64,12.083529663085937
session-i-h100-20260926,NVIDIA H100 80GB HBM3,q96x3,2,fused_ai_fp64,12.325215911865234
session-i-h100-20260926,NVIDIA H100 80GB HBM3,q96x3,3,fused_ai_fp64,12.208140563964843
session-i-h100-20260926,NVIDIA H100 80GB HBM3,q96x3,3,modal8_muladd,15.395184326171876
session-i-h100-20260926,NVIDIA H100 80GB HBM3,q96x3,3,node_fp64,10.839820861816406
session-i-h100-20260926,NVIDIA H100 80GB HBM3,q96x3,4,fused_ai_fp64,13.560342407226562
session-i-h100-20260926,NVIDIA H100 80GB HBM3,q96x3,4,node_fp64,14.926988220214843
session-i-h100-20260926,NVIDIA H100 80GB HBM3,q96x3,4,modal8_muladd,17.382060241699218
session-i-rtx4090-20260926,NVIDIA GeForce RTX 4090,q96x1,0,modal8_muladd,0.8133503913879394
session-i-rtx4090-20260926,NVIDIA GeForce RTX 4090,q96x1,0,node_fp64,2.1403648376464846
session-i-rtx4090-20260926,NVIDIA GeForce RTX 4090,q96x1,0,fused_ai_fp64,1.6075775146484375
session-i-rtx4090-20260926,NVIDIA GeForce RTX 4090,q96x1,1,node_fp64,2.128486442565918
session-i-rtx4090-20260926,NVIDIA GeForce RTX 4090,q96x1,1,fused_ai_fp64,1.6072704315185546
session-i-rtx4090-20260926,NVIDIA GeForce RTX 4090,q96x1,1,modal8_muladd,0.7315455913543701
session-i-rtx4090-20260926,NVIDIA GeForce RTX 4090,q96x1,2,node_fp64,2.126848030090332
session-i-rtx4090-20260926,NVIDIA GeForce RTX 4090,q96x1,2,fused_ai_fp64,1.6070655822753905
session-i-rtx4090-20260926,NVIDIA GeForce RTX 4090,q96x1,2,modal8_muladd,0.7323647975921631
session-i-rtx4090-20260926,NVIDIA GeForce RTX 4090,q96x1,3,modal8_muladd,0.7315455913543701
session-i-rtx4090-20260926,NVIDIA GeForce RTX 4090,q96x1,3,node_fp64,2.1269504547119142
session-i-rtx4090-20260926,NVIDIA GeForce RTX 4090,q96x1,3,fused_ai_fp64,1.6070655822753905
session-i-rtx4090-20260926,NVIDIA GeForce RTX 4090,q96x1,4,fused_ai_fp64,1.6064512252807617
session-i-rtx4090-20260926,NVIDIA GeForce RTX 4090,q96x1,4,node_fp64,2.1265439987182617
session-i-rtx4090-20260926,NVIDIA GeForce RTX 4090,q96x1,4,modal8_muladd,0.7320576190948487
session-i-rtx4090-20260926,NVIDIA GeForce RTX 4090,q64x2,0,node_fp64,5.3531135559082035
session-i-rtx4090-20260926,NVIDIA GeForce RTX 4090,q64x2,0,fused_ai_fp64,4.019292831420898
session-i-rtx4090-20260926,NVIDIA GeForce RTX 4090,q64x2,0,modal8_muladd,1.8144256591796875
session-i-rtx4090-20260926,NVIDIA GeForce RTX 4090,q64x2,1,fused_ai_fp64,3.834368133544922
session-i-rtx4090-20260926,NVIDIA GeForce RTX 4090,q64x2,1,modal8_muladd,1.784320068359375
session-i-rtx4090-20260926,NVIDIA GeForce RTX 4090,q64x2,1,node_fp64,5.014118576049805
session-i-rtx4090-20260926,NVIDIA GeForce RTX 4090,q64x2,2,fused_ai_fp64,3.8414337158203127
session-i-rtx4090-20260926,NVIDIA GeForce RTX 4090,q64x2,2,modal8_muladd,1.7865663528442384
session-i-rtx4090-20260926,NVIDIA GeForce RTX 4090,q64x2,2,node_fp64,5.014732742309571
session-i-rtx4090-20260926,NVIDIA GeForce RTX 4090,q64x2,3,modal8_muladd,1.7857536315917968
session-i-rtx4090-20260926,NVIDIA GeForce RTX 4090,q64x2,3,fused_ai_fp64,3.8416385650634766
session-i-rtx4090-20260926,NVIDIA GeForce RTX 4090,q64x2,3,node_fp64,5.015552139282226
session-i-rtx4090-20260926,NVIDIA GeForce RTX 4090,q64x2,4,modal8_muladd,1.7861631393432618
session-i-rtx4090-20260926,NVIDIA GeForce RTX 4090,q64x2,4,node_fp64,5.0150398254394535
session-i-rtx4090-20260926,NVIDIA GeForce RTX 4090,q64x2,4,fused_ai_fp64,3.8413311004638673
session-i-rtx4090-20260926,NVIDIA GeForce RTX 4090,q96x2,0,modal8_muladd,6.5076545715332035
session-i-rtx4090-20260926,NVIDIA GeForce RTX 4090,q96x2,0,fused_ai_fp64,13.562675476074219
session-i-rtx4090-20260926,NVIDIA GeForce RTX 4090,q96x2,0,node_fp64,16.90019836425781
session-i-rtx4090-20260926,NVIDIA GeForce RTX 4090,q96x2,1,fused_ai_fp64,13.007254028320313
session-i-rtx4090-20260926,NVIDIA GeForce RTX 4090,q96x2,1,node_fp64,16.826675415039062
session-i-rtx4090-20260926,NVIDIA GeForce RTX 4090,q96x2,1,modal8_muladd,6.058291244506836
session-i-rtx4090-20260926,NVIDIA GeForce RTX 4090,q96x2,2,node_fp64,16.825958251953125
session-i-rtx4090-20260926,NVIDIA GeForce RTX 4090,q96x2,2,modal8_muladd,6.063923263549805
session-i-rtx4090-20260926,NVIDIA GeForce RTX 4090,q96x2,2,fused_ai_fp64,13.017190551757812
session-i-rtx4090-20260926,NVIDIA GeForce RTX 4090,q96x2,3,modal8_muladd,6.058905410766601
session-i-rtx4090-20260926,NVIDIA GeForce RTX 4090,q96x2,3,node_fp64,16.825343322753906
session-i-rtx4090-20260926,NVIDIA GeForce RTX 4090,q96x2,3,fused_ai_fp64,13.0064453125
session-i-rtx4090-20260926,NVIDIA GeForce RTX 4090,q96x2,4,fused_ai_fp64,13.00684814453125
session-i-rtx4090-20260926,NVIDIA GeForce RTX 4090,q96x2,4,node_fp64,16.825958251953125
session-i-rtx4090-20260926,NVIDIA GeForce RTX 4090,q96x2,4,modal8_muladd,6.058607864379883
