host,gpu,iterations,native_converged,native_true_residual,outer_matvecs,solver_seconds,case,arm,round,position,fixed_iterations,raw_source,raw_pointer
session-i-a100-20260926,NVIDIA A100 80GB PCIe,24,True,4.368396499169361e-09,25,0.28808748349547386,q96x1,mg32-node64-node32,0,0,24,results/session-i-a100-20260926/remote/run-01/result.json,/fixed_work/0
session-i-a100-20260926,NVIDIA A100 80GB PCIe,24,True,4.368452103301191e-09,25,0.41705378890037537,q96x1,mg64-modal8_muladd,0,1,24,results/session-i-a100-20260926/remote/run-01/result.json,/fixed_work/1
session-i-a100-20260926,NVIDIA A100 80GB PCIe,24,True,4.368452580744634e-09,25,0.3475095722824335,q96x1,mg64-node,0,2,24,results/session-i-a100-20260926/remote/run-01/result.json,/fixed_work/2
session-i-a100-20260926,NVIDIA A100 80GB PCIe,24,True,4.368448776316572e-09,25,0.3800800945609808,q96x1,mg64-fused_ai,0,3,24,results/session-i-a100-20260926/remote/run-01/result.json,/fixed_work/3
session-i-a100-20260926,NVIDIA A100 80GB PCIe,24,True,4.368417547650481e-09,25,0.2897892016917467,q96x1,mg32-modal8_muladd-node32,0,4,24,results/session-i-a100-20260926/remote/run-01/result.json,/fixed_work/4
session-i-a100-20260926,NVIDIA A100 80GB PCIe,24,True,4.368392869912138e-09,25,0.2852372359484434,q96x1,mg32-fused_ai64-node32,0,5,24,results/session-i-a100-20260926/remote/run-01/result.json,/fixed_work/5
session-i-a100-20260926,NVIDIA A100 80GB PCIe,24,True,4.368452580744634e-09,25,0.34797465801239014,q96x1,mg64-node,1,0,24,results/session-i-a100-20260926/remote/run-01/result.json,/fixed_work/6
session-i-a100-20260926,NVIDIA A100 80GB PCIe,24,True,4.36843648538473e-09,25,0.28902680054306984,q96x1,mg32-modal8_muladd-node32,1,1,24,results/session-i-a100-20260926/remote/run-01/result.json,/fixed_work/7
session-i-a100-20260926,NVIDIA A100 80GB PCIe,24,True,4.368448847439523e-09,25,0.37881880067288876,q96x1,mg64-fused_ai,1,2,24,results/session-i-a100-20260926/remote/run-01/result.json,/fixed_work/8
session-i-a100-20260926,NVIDIA A100 80GB PCIe,24,True,4.368396499169361e-09,25,0.2834508288651705,q96x1,mg32-node64-node32,1,3,24,results/session-i-a100-20260926/remote/run-01/result.json,/fixed_work/9
session-i-a100-20260926,NVIDIA A100 80GB PCIe,24,True,4.3684507400321415e-09,25,0.4182769823819399,q96x1,mg64-modal8_muladd,1,4,24,results/session-i-a100-20260926/remote/run-01/result.json,/fixed_work/10
session-i-a100-20260926,NVIDIA A100 80GB PCIe,24,True,4.368422783139399e-09,25,0.294353473931551,q96x1,mg32-fused_ai64-node32,1,5,24,results/session-i-a100-20260926/remote/run-01/result.json,/fixed_work/11
session-i-a100-20260926,NVIDIA A100 80GB PCIe,24,True,4.368396499169361e-09,25,0.2836712822318077,q96x1,mg32-node64-node32,2,0,24,results/session-i-a100-20260926/remote/run-01/result.json,/fixed_work/12
session-i-a100-20260926,NVIDIA A100 80GB PCIe,24,True,4.368454628773783e-09,25,0.37630733847618103,q96x1,mg64-fused_ai,2,1,24,results/session-i-a100-20260926/remote/run-01/result.json,/fixed_work/13
session-i-a100-20260926,NVIDIA A100 80GB PCIe,24,True,4.36839056368495e-09,25,0.28948814049363136,q96x1,mg32-modal8_muladd-node32,2,2,24,results/session-i-a100-20260926/remote/run-01/result.json,/fixed_work/14
session-i-a100-20260926,NVIDIA A100 80GB PCIe,24,True,4.368452580744634e-09,25,0.3487784657627344,q96x1,mg64-node,2,3,24,results/session-i-a100-20260926/remote/run-01/result.json,/fixed_work/15
session-i-a100-20260926,NVIDIA A100 80GB PCIe,24,True,4.368409782220981e-09,25,0.2839480433613062,q96x1,mg32-fused_ai64-node32,2,4,24,results/session-i-a100-20260926/remote/run-01/result.json,/fixed_work/16
session-i-a100-20260926,NVIDIA A100 80GB PCIe,24,True,4.368449927724058e-09,25,0.41794029995799065,q96x1,mg64-modal8_muladd,2,5,24,results/session-i-a100-20260926/remote/run-01/result.json,/fixed_work/17
session-i-a100-20260926,NVIDIA A100 80GB PCIe,14,True,2.0623117321052708e-09,15,0.5209688730537891,q64x2,mg64-fused_ai,0,0,14,results/session-i-a100-20260926/remote/run-01/result.json,/fixed_work/18
session-i-a100-20260926,NVIDIA A100 80GB PCIe,14,True,2.0623404488873294e-09,15,0.30106324702501297,q64x2,mg32-fused_ai64-node32,0,1,14,results/session-i-a100-20260926/remote/run-01/result.json,/fixed_work/19
session-i-a100-20260926,NVIDIA A100 80GB PCIe,14,True,2.062325909823406e-09,15,0.30352812074124813,q64x2,mg32-node64-node32,0,2,14,results/session-i-a100-20260926/remote/run-01/result.json,/fixed_work/20
session-i-a100-20260926,NVIDIA A100 80GB PCIe,14,True,2.0623153567107258e-09,15,0.5819677747786045,q64x2,mg64-modal8_muladd,0,3,14,results/session-i-a100-20260926/remote/run-01/result.json,/fixed_work/21
session-i-a100-20260926,NVIDIA A100 80GB PCIe,14,True,2.0623171054212225e-09,15,0.48154438100755215,q64x2,mg64-node,0,4,14,results/session-i-a100-20260926/remote/run-01/result.json,/fixed_work/22
session-i-a100-20260926,NVIDIA A100 80GB PCIe,14,True,2.062332780221052e-09,15,0.30133548006415367,q64x2,mg32-modal8_muladd-node32,0,5,14,results/session-i-a100-20260926/remote/run-01/result.json,/fixed_work/23
session-i-a100-20260926,NVIDIA A100 80GB PCIe,14,True,2.0623171054212225e-09,15,0.481121189892292,q64x2,mg64-node,1,0,14,results/session-i-a100-20260926/remote/run-01/result.json,/fixed_work/24
session-i-a100-20260926,NVIDIA A100 80GB PCIe,14,True,2.0623318786331506e-09,15,0.29479852318763733,q64x2,mg32-fused_ai64-node32,1,1,14,results/session-i-a100-20260926/remote/run-01/result.json,/fixed_work/25
session-i-a100-20260926,NVIDIA A100 80GB PCIe,14,True,2.062323857806499e-09,15,0.30104710906744003,q64x2,mg32-modal8_muladd-node32,1,2,14,results/session-i-a100-20260926/remote/run-01/result.json,/fixed_work/26
session-i-a100-20260926,NVIDIA A100 80GB PCIe,14,True,2.062325909823406e-09,15,0.2907147593796253,q64x2,mg32-node64-node32,1,3,14,results/session-i-a100-20260926/remote/run-01/result.json,/fixed_work/27
session-i-a100-20260926,NVIDIA A100 80GB PCIe,14,True,2.0623165003058356e-09,15,0.5734468437731266,q64x2,mg64-modal8_muladd,1,4,14,results/session-i-a100-20260926/remote/run-01/result.json,/fixed_work/28
session-i-a100-20260926,NVIDIA A100 80GB PCIe,14,True,2.062317651845057e-09,15,0.5128434412181377,q64x2,mg64-fused_ai,1,5,14,results/session-i-a100-20260926/remote/run-01/result.json,/fixed_work/29
session-i-a100-20260926,NVIDIA A100 80GB PCIe,14,True,2.062321819662387e-09,15,0.5728554427623749,q64x2,mg64-modal8_muladd,2,0,14,results/session-i-a100-20260926/remote/run-01/result.json,/fixed_work/30
session-i-a100-20260926,NVIDIA A100 80GB PCIe,14,True,2.062325909823406e-09,15,0.2905855644494295,q64x2,mg32-node64-node32,2,1,14,results/session-i-a100-20260926/remote/run-01/result.json,/fixed_work/31
session-i-a100-20260926,NVIDIA A100 80GB PCIe,14,True,2.0623171054212225e-09,15,0.48203769512474537,q64x2,mg64-node,2,2,14,results/session-i-a100-20260926/remote/run-01/result.json,/fixed_work/32
session-i-a100-20260926,NVIDIA A100 80GB PCIe,14,True,2.062314070853507e-09,15,0.515987791121006,q64x2,mg64-fused_ai,2,3,14,results/session-i-a100-20260926/remote/run-01/result.json,/fixed_work/33
session-i-a100-20260926,NVIDIA A100 80GB PCIe,14,True,2.0623191898313307e-09,15,0.30198812298476696,q64x2,mg32-modal8_muladd-node32,2,4,14,results/session-i-a100-20260926/remote/run-01/result.json,/fixed_work/34
session-i-a100-20260926,NVIDIA A100 80GB PCIe,14,True,2.0623251656421222e-09,15,0.2946084085851908,q64x2,mg32-fused_ai64-node32,2,5,14,results/session-i-a100-20260926/remote/run-01/result.json,/fixed_work/35
session-i-a100-20260926,NVIDIA A100 80GB PCIe,24,True,4.431816385189941e-09,25,1.5021477285772562,q96x2,mg32-fused_ai64-node32,0,0,24,results/session-i-a100-20260926/remote/run-01/result.json,/fixed_work/36
session-i-a100-20260926,NVIDIA A100 80GB PCIe,24,True,4.431844962928002e-09,25,3.0314597487449646,q96x2,mg64-modal8_muladd,0,1,24,results/session-i-a100-20260926/remote/run-01/result.json,/fixed_work/37
session-i-a100-20260926,NVIDIA A100 80GB PCIe,24,True,4.431838626296873e-09,25,2.702532298862934,q96x2,mg64-fused_ai,0,2,24,results/session-i-a100-20260926/remote/run-01/result.json,/fixed_work/38
session-i-a100-20260926,NVIDIA A100 80GB PCIe,24,True,4.431853358168023e-09,25,1.540595242753625,q96x2,mg32-modal8_muladd-node32,0,3,24,results/session-i-a100-20260926/remote/run-01/result.json,/fixed_work/39
session-i-a100-20260926,NVIDIA A100 80GB PCIe,24,True,4.431850638161707e-09,25,1.4907067250460386,q96x2,mg32-node64-node32,0,4,24,results/session-i-a100-20260926/remote/run-01/result.json,/fixed_work/40
session-i-a100-20260926,NVIDIA A100 80GB PCIe,24,True,4.431840063227958e-09,25,2.548177244141698,q96x2,mg64-node,0,5,24,results/session-i-a100-20260926/remote/run-01/result.json,/fixed_work/41
session-i-a100-20260926,NVIDIA A100 80GB PCIe,24,True,4.431841643149093e-09,25,1.511501807719469,q96x2,mg32-fused_ai64-node32,1,0,24,results/session-i-a100-20260926/remote/run-01/result.json,/fixed_work/42
session-i-a100-20260926,NVIDIA A100 80GB PCIe,24,True,4.431870927227945e-09,25,1.5435963459312916,q96x2,mg32-modal8_muladd-node32,1,1,24,results/session-i-a100-20260926/remote/run-01/result.json,/fixed_work/43
session-i-a100-20260926,NVIDIA A100 80GB PCIe,24,True,4.431840063227958e-09,25,2.565677899867296,q96x2,mg64-node,1,2,24,results/session-i-a100-20260926/remote/run-01/result.json,/fixed_work/44
session-i-a100-20260926,NVIDIA A100 80GB PCIe,24,True,4.431850638161707e-09,25,1.5089729242026806,q96x2,mg32-node64-node32,1,3,24,results/session-i-a100-20260926/remote/run-01/result.json,/fixed_work/45
session-i-a100-20260926,NVIDIA A100 80GB PCIe,24,True,4.4318441011912165e-09,25,3.062418920919299,q96x2,mg64-modal8_muladd,1,4,24,results/session-i-a100-20260926/remote/run-01/result.json,/fixed_work/46
session-i-a100-20260926,NVIDIA A100 80GB PCIe,24,True,4.431840457496787e-09,25,2.708308532834053,q96x2,mg64-fused_ai,1,5,24,results/session-i-a100-20260926/remote/run-01/result.json,/fixed_work/47
session-i-a100-20260926,NVIDIA A100 80GB PCIe,24,True,4.431855827511293e-09,25,1.5564873944967985,q96x2,mg32-modal8_muladd-node32,2,0,24,results/session-i-a100-20260926/remote/run-01/result.json,/fixed_work/48
session-i-a100-20260926,NVIDIA A100 80GB PCIe,24,True,4.431844924222233e-09,25,2.7240660414099693,q96x2,mg64-fused_ai,2,1,24,results/session-i-a100-20260926/remote/run-01/result.json,/fixed_work/49
session-i-a100-20260926,NVIDIA A100 80GB PCIe,24,True,4.431850638161707e-09,25,1.492969661951065,q96x2,mg32-node64-node32,2,2,24,results/session-i-a100-20260926/remote/run-01/result.json,/fixed_work/50
session-i-a100-20260926,NVIDIA A100 80GB PCIe,24,True,4.431812736562934e-09,25,1.5100031606853008,q96x2,mg32-fused_ai64-node32,2,3,24,results/session-i-a100-20260926/remote/run-01/result.json,/fixed_work/51
session-i-a100-20260926,NVIDIA A100 80GB PCIe,24,True,4.431840063227958e-09,25,2.55560833029449,q96x2,mg64-node,2,4,24,results/session-i-a100-20260926/remote/run-01/result.json,/fixed_work/52
session-i-a100-20260926,NVIDIA A100 80GB PCIe,24,True,4.431845539581189e-09,25,3.0355860237032175,q96x2,mg64-modal8_muladd,2,5,24,results/session-i-a100-20260926/remote/run-01/result.json,/fixed_work/53
session-i-a100-20260926,NVIDIA A100 80GB PCIe,20,True,7.445557521038071e-09,21,4.18002069182694,q96x3,mg32-node64-node32,0,0,20,results/session-i-a100-20260926/remote/run-01/result.json,/fixed_work/54
session-i-a100-20260926,NVIDIA A100 80GB PCIe,20,True,7.445569472704603e-09,21,7.618655690923333,q96x3,mg64-fused_ai,0,1,20,results/session-i-a100-20260926/remote/run-01/result.json,/fixed_work/55
session-i-a100-20260926,NVIDIA A100 80GB PCIe,20,True,7.445570035360332e-09,21,8.60300469212234,q96x3,mg64-modal8_muladd,0,2,20,results/session-i-a100-20260926/remote/run-01/result.json,/fixed_work/56
session-i-a100-20260926,NVIDIA A100 80GB PCIe,20,True,7.4455686765090475e-09,21,7.225006757304072,q96x3,mg64-node,0,3,20,results/session-i-a100-20260926/remote/run-01/result.json,/fixed_work/57
session-i-a100-20260926,NVIDIA A100 80GB PCIe,20,True,7.44555094859351e-09,21,4.3569129053503275,q96x3,mg32-modal8_muladd-node32,0,4,20,results/session-i-a100-20260926/remote/run-01/result.json,/fixed_work/58
session-i-a100-20260926,NVIDIA A100 80GB PCIe,20,True,7.445564335322906e-09,21,4.2275840025395155,q96x3,mg32-fused_ai64-node32,0,5,20,results/session-i-a100-20260926/remote/run-01/result.json,/fixed_work/59
session-i-a100-20260926,NVIDIA A100 80GB PCIe,20,True,7.4455686765090475e-09,21,7.2163368836045265,q96x3,mg64-node,1,0,20,results/session-i-a100-20260926/remote/run-01/result.json,/fixed_work/60
session-i-a100-20260926,NVIDIA A100 80GB PCIe,20,True,7.445571193905887e-09,21,7.652983086183667,q96x3,mg64-fused_ai,1,1,20,results/session-i-a100-20260926/remote/run-01/result.json,/fixed_work/61
session-i-a100-20260926,NVIDIA A100 80GB PCIe,20,True,7.4455675085513125e-09,21,4.238563384860754,q96x3,mg32-fused_ai64-node32,1,2,20,results/session-i-a100-20260926/remote/run-01/result.json,/fixed_work/62
session-i-a100-20260926,NVIDIA A100 80GB PCIe,20,True,7.445555194663586e-09,21,4.3489922527223825,q96x3,mg32-modal8_muladd-node32,1,3,20,results/session-i-a100-20260926/remote/run-01/result.json,/fixed_work/63
session-i-a100-20260926,NVIDIA A100 80GB PCIe,20,True,7.445557521038071e-09,21,4.191752504557371,q96x3,mg32-node64-node32,1,4,20,results/session-i-a100-20260926/remote/run-01/result.json,/fixed_work/64
session-i-a100-20260926,NVIDIA A100 80GB PCIe,20,True,7.445569212876035e-09,21,8.629978124052286,q96x3,mg64-modal8_muladd,1,5,20,results/session-i-a100-20260926/remote/run-01/result.json,/fixed_work/65
session-i-a100-20260926,NVIDIA A100 80GB PCIe,20,True,7.4455686765090475e-09,21,7.233590800315142,q96x3,mg64-node,2,0,20,results/session-i-a100-20260926/remote/run-01/result.json,/fixed_work/66
session-i-a100-20260926,NVIDIA A100 80GB PCIe,20,True,7.445575868225317e-09,21,4.362716842442751,q96x3,mg32-modal8_muladd-node32,2,1,20,results/session-i-a100-20260926/remote/run-01/result.json,/fixed_work/67
session-i-a100-20260926,NVIDIA A100 80GB PCIe,20,True,7.4455689845376436e-09,21,8.64490638487041,q96x3,mg64-modal8_muladd,2,2,20,results/session-i-a100-20260926/remote/run-01/result.json,/fixed_work/68
session-i-a100-20260926,NVIDIA A100 80GB PCIe,20,True,7.44556736660472e-09,21,7.670330204069614,q96x3,mg64-fused_ai,2,3,20,results/session-i-a100-20260926/remote/run-01/result.json,/fixed_work/69
session-i-a100-20260926,NVIDIA A100 80GB PCIe,20,True,7.445557521038071e-09,21,4.203646380454302,q96x3,mg32-node64-node32,2,4,20,results/session-i-a100-20260926/remote/run-01/result.json,/fixed_work/70
session-i-a100-20260926,NVIDIA A100 80GB PCIe,20,True,7.445547560791707e-09,21,4.25167565792799,q96x3,mg32-fused_ai64-node32,2,5,20,results/session-i-a100-20260926/remote/run-01/result.json,/fixed_work/71
session-i-h100-20260926,NVIDIA H100 80GB HBM3,24,True,4.3683714047056244e-09,25,0.17511269799433649,q96x1,mg32-node64-node32,0,0,24,results/session-i-h100-20260926/remote/run-01/result.json,/fixed_work/0
session-i-h100-20260926,NVIDIA H100 80GB HBM3,24,True,4.368449775853985e-09,25,0.29134193412028253,q96x1,mg64-modal8_muladd,0,1,24,results/session-i-h100-20260926/remote/run-01/result.json,/fixed_work/1
session-i-h100-20260926,NVIDIA H100 80GB HBM3,24,True,4.3684520608077764e-09,25,0.2493987330235541,q96x1,mg64-node,0,2,24,results/session-i-h100-20260926/remote/run-01/result.json,/fixed_work/2
session-i-h100-20260926,NVIDIA H100 80GB HBM3,24,True,4.368447135985278e-09,25,0.3389630760066211,q96x1,mg64-fused_ai,0,3,24,results/session-i-h100-20260926/remote/run-01/result.json,/fixed_work/3
session-i-h100-20260926,NVIDIA H100 80GB HBM3,24,True,4.368438925981927e-09,25,0.18595632584765553,q96x1,mg32-modal8_muladd-node32,0,4,24,results/session-i-h100-20260926/remote/run-01/result.json,/fixed_work/4
session-i-h100-20260926,NVIDIA H100 80GB HBM3,24,True,4.368398659582035e-09,25,0.1784728930797428,q96x1,mg32-fused_ai64-node32,0,5,24,results/session-i-h100-20260926/remote/run-01/result.json,/fixed_work/5
session-i-h100-20260926,NVIDIA H100 80GB HBM3,24,True,4.3684520608077764e-09,25,0.2475640089251101,q96x1,mg64-node,1,0,24,results/session-i-h100-20260926/remote/run-01/result.json,/fixed_work/6
session-i-h100-20260926,NVIDIA H100 80GB HBM3,24,True,4.3684051050936135e-09,25,0.19958590995520353,q96x1,mg32-modal8_muladd-node32,1,1,24,results/session-i-h100-20260926/remote/run-01/result.json,/fixed_work/7
session-i-h100-20260926,NVIDIA H100 80GB HBM3,24,True,4.368444217928046e-09,25,0.3033684832043946,q96x1,mg64-fused_ai,1,2,24,results/session-i-h100-20260926/remote/run-01/result.json,/fixed_work/8
session-i-h100-20260926,NVIDIA H100 80GB HBM3,24,True,4.3683714047056244e-09,25,0.17876058397814631,q96x1,mg32-node64-node32,1,3,24,results/session-i-h100-20260926/remote/run-01/result.json,/fixed_work/9
session-i-h100-20260926,NVIDIA H100 80GB HBM3,24,True,4.368451336564427e-09,25,0.2925793721806258,q96x1,mg64-modal8_muladd,1,4,24,results/session-i-h100-20260926/remote/run-01/result.json,/fixed_work/10
session-i-h100-20260926,NVIDIA H100 80GB HBM3,24,True,4.368405384289385e-09,25,0.19091836200095713,q96x1,mg32-fused_ai64-node32,1,5,24,results/session-i-h100-20260926/remote/run-01/result.json,/fixed_work/11
session-i-h100-20260926,NVIDIA H100 80GB HBM3,24,True,4.3683714047056244e-09,25,0.19032665505073965,q96x1,mg32-node64-node32,2,0,24,results/session-i-h100-20260926/remote/run-01/result.json,/fixed_work/12
session-i-h100-20260926,NVIDIA H100 80GB HBM3,24,True,4.3684509838619276e-09,25,0.2844746590126306,q96x1,mg64-fused_ai,2,1,24,results/session-i-h100-20260926/remote/run-01/result.json,/fixed_work/13
session-i-h100-20260926,NVIDIA H100 80GB HBM3,24,True,4.368415207599483e-09,25,0.18219163618050516,q96x1,mg32-modal8_muladd-node32,2,2,24,results/session-i-h100-20260926/remote/run-01/result.json,/fixed_work/14
session-i-h100-20260926,NVIDIA H100 80GB HBM3,24,True,4.3684520608077764e-09,25,0.26473813503980637,q96x1,mg64-node,2,3,24,results/session-i-h100-20260926/remote/run-01/result.json,/fixed_work/15
session-i-h100-20260926,NVIDIA H100 80GB HBM3,24,True,4.368397466024417e-09,25,0.19276482006534934,q96x1,mg32-fused_ai64-node32,2,4,24,results/session-i-h100-20260926/remote/run-01/result.json,/fixed_work/16
session-i-h100-20260926,NVIDIA H100 80GB HBM3,24,True,4.36845413547226e-09,25,0.312282303115353,q96x1,mg64-modal8_muladd,2,5,24,results/session-i-h100-20260926/remote/run-01/result.json,/fixed_work/17
session-i-h100-20260926,NVIDIA H100 80GB HBM3,14,True,2.0623138235387045e-09,15,0.3547683621291071,q64x2,mg64-fused_ai,0,0,14,results/session-i-h100-20260926/remote/run-01/result.json,/fixed_work/18
session-i-h100-20260926,NVIDIA H100 80GB HBM3,14,True,2.0623294123603168e-09,15,0.23487951583229005,q64x2,mg32-fused_ai64-node32,0,1,14,results/session-i-h100-20260926/remote/run-01/result.json,/fixed_work/19
session-i-h100-20260926,NVIDIA H100 80GB HBM3,14,True,2.062321426194764e-09,15,0.258460357086733,q64x2,mg32-node64-node32,0,2,14,results/session-i-h100-20260926/remote/run-01/result.json,/fixed_work/20
session-i-h100-20260926,NVIDIA H100 80GB HBM3,14,True,2.062315986991808e-09,15,0.4417411668691784,q64x2,mg64-modal8_muladd,0,3,14,results/session-i-h100-20260926/remote/run-01/result.json,/fixed_work/21
session-i-h100-20260926,NVIDIA H100 80GB HBM3,14,True,2.0623123795680173e-09,15,0.3529611099511385,q64x2,mg64-node,0,4,14,results/session-i-h100-20260926/remote/run-01/result.json,/fixed_work/22
session-i-h100-20260926,NVIDIA H100 80GB HBM3,14,True,2.0623356711776125e-09,15,0.27696159202605486,q64x2,mg32-modal8_muladd-node32,0,5,14,results/session-i-h100-20260926/remote/run-01/result.json,/fixed_work/23
session-i-h100-20260926,NVIDIA H100 80GB HBM3,14,True,2.0623123795680173e-09,15,0.3817861599382013,q64x2,mg64-node,1,0,14,results/session-i-h100-20260926/remote/run-01/result.json,/fixed_work/24
session-i-h100-20260926,NVIDIA H100 80GB HBM3,14,True,2.0623289342327575e-09,15,0.23899960005655885,q64x2,mg32-fused_ai64-node32,1,1,14,results/session-i-h100-20260926/remote/run-01/result.json,/fixed_work/25
session-i-h100-20260926,NVIDIA H100 80GB HBM3,14,True,2.062328128420456e-09,15,0.2507132710888982,q64x2,mg32-modal8_muladd-node32,1,2,14,results/session-i-h100-20260926/remote/run-01/result.json,/fixed_work/26
session-i-h100-20260926,NVIDIA H100 80GB HBM3,14,True,2.062321426194764e-09,15,0.2582220451440662,q64x2,mg32-node64-node32,1,3,14,results/session-i-h100-20260926/remote/run-01/result.json,/fixed_work/27
session-i-h100-20260926,NVIDIA H100 80GB HBM3,14,True,2.062310762446361e-09,15,0.4099645500537008,q64x2,mg64-modal8_muladd,1,4,14,results/session-i-h100-20260926/remote/run-01/result.json,/fixed_work/28
session-i-h100-20260926,NVIDIA H100 80GB HBM3,14,True,2.0623093456078574e-09,15,0.3976784711703658,q64x2,mg64-fused_ai,1,5,14,results/session-i-h100-20260926/remote/run-01/result.json,/fixed_work/29
session-i-h100-20260926,NVIDIA H100 80GB HBM3,14,True,2.0623137697484913e-09,15,0.4274215679615736,q64x2,mg64-modal8_muladd,2,0,14,results/session-i-h100-20260926/remote/run-01/result.json,/fixed_work/30
session-i-h100-20260926,NVIDIA H100 80GB HBM3,14,True,2.062321426194764e-09,15,0.2414155970327556,q64x2,mg32-node64-node32,2,1,14,results/session-i-h100-20260926/remote/run-01/result.json,/fixed_work/31
session-i-h100-20260926,NVIDIA H100 80GB HBM3,14,True,2.0623123795680173e-09,15,0.39153511892072856,q64x2,mg64-node,2,2,14,results/session-i-h100-20260926/remote/run-01/result.json,/fixed_work/32
session-i-h100-20260926,NVIDIA H100 80GB HBM3,14,True,2.0623171216923035e-09,15,0.39578078011982143,q64x2,mg64-fused_ai,2,3,14,results/session-i-h100-20260926/remote/run-01/result.json,/fixed_work/33
session-i-h100-20260926,NVIDIA H100 80GB HBM3,14,True,2.0623250066598585e-09,15,0.24531561182811856,q64x2,mg32-modal8_muladd-node32,2,4,14,results/session-i-h100-20260926/remote/run-01/result.json,/fixed_work/34
session-i-h100-20260926,NVIDIA H100 80GB HBM3,14,True,2.0623313953514e-09,15,0.25081516592763364,q64x2,mg32-fused_ai64-node32,2,5,14,results/session-i-h100-20260926/remote/run-01/result.json,/fixed_work/35
session-i-h100-20260926,NVIDIA H100 80GB HBM3,24,True,4.431847871535927e-09,25,1.2885557799600065,q96x2,mg32-fused_ai64-node32,0,0,24,results/session-i-h100-20260926/remote/run-01/result.json,/fixed_work/36
session-i-h100-20260926,NVIDIA H100 80GB HBM3,24,True,4.431843519169283e-09,25,2.3258953150361776,q96x2,mg64-modal8_muladd,0,1,24,results/session-i-h100-20260926/remote/run-01/result.json,/fixed_work/37
session-i-h100-20260926,NVIDIA H100 80GB HBM3,24,True,4.431843073699803e-09,25,2.2190002310089767,q96x2,mg64-fused_ai,0,2,24,results/session-i-h100-20260926/remote/run-01/result.json,/fixed_work/38
session-i-h100-20260926,NVIDIA H100 80GB HBM3,24,True,4.431834540609187e-09,25,1.3382921770680696,q96x2,mg32-modal8_muladd-node32,0,3,24,results/session-i-h100-20260926/remote/run-01/result.json,/fixed_work/39
session-i-h100-20260926,NVIDIA H100 80GB HBM3,24,True,4.431880055123228e-09,25,1.3068182729184628,q96x2,mg32-node64-node32,0,4,24,results/session-i-h100-20260926/remote/run-01/result.json,/fixed_work/40
session-i-h100-20260926,NVIDIA H100 80GB HBM3,24,True,4.431839880215929e-09,25,2.1302517959848046,q96x2,mg64-node,0,5,24,results/session-i-h100-20260926/remote/run-01/result.json,/fixed_work/41
session-i-h100-20260926,NVIDIA H100 80GB HBM3,24,True,4.431851169381071e-09,25,1.32633170299232,q96x2,mg32-fused_ai64-node32,1,0,24,results/session-i-h100-20260926/remote/run-01/result.json,/fixed_work/42
session-i-h100-20260926,NVIDIA H100 80GB HBM3,24,True,4.4318612940789e-09,25,1.329406978096813,q96x2,mg32-modal8_muladd-node32,1,1,24,results/session-i-h100-20260926/remote/run-01/result.json,/fixed_work/43
session-i-h100-20260926,NVIDIA H100 80GB HBM3,24,True,4.431839880215929e-09,25,2.131510973908007,q96x2,mg64-node,1,2,24,results/session-i-h100-20260926/remote/run-01/result.json,/fixed_work/44
session-i-h100-20260926,NVIDIA H100 80GB HBM3,24,True,4.431880055123228e-09,25,1.3162888940423727,q96x2,mg32-node64-node32,1,3,24,results/session-i-h100-20260926/remote/run-01/result.json,/fixed_work/45
session-i-h100-20260926,NVIDIA H100 80GB HBM3,24,True,4.431842829169108e-09,25,2.354254547972232,q96x2,mg64-modal8_muladd,1,4,24,results/session-i-h100-20260926/remote/run-01/result.json,/fixed_work/46
session-i-h100-20260926,NVIDIA H100 80GB HBM3,24,True,4.431841821931821e-09,25,2.183613099856302,q96x2,mg64-fused_ai,1,5,24,results/session-i-h100-20260926/remote/run-01/result.json,/fixed_work/47
session-i-h100-20260926,NVIDIA H100 80GB HBM3,24,True,4.431904666246606e-09,25,1.3411178360693157,q96x2,mg32-modal8_muladd-node32,2,0,24,results/session-i-h100-20260926/remote/run-01/result.json,/fixed_work/48
session-i-h100-20260926,NVIDIA H100 80GB HBM3,24,True,4.431839003906664e-09,25,2.1810852319467813,q96x2,mg64-fused_ai,2,1,24,results/session-i-h100-20260926/remote/run-01/result.json,/fixed_work/49
session-i-h100-20260926,NVIDIA H100 80GB HBM3,24,True,4.431880055123228e-09,25,1.318545551970601,q96x2,mg32-node64-node32,2,2,24,results/session-i-h100-20260926/remote/run-01/result.json,/fixed_work/50
session-i-h100-20260926,NVIDIA H100 80GB HBM3,24,True,4.431826902669861e-09,25,1.3130191711243242,q96x2,mg32-fused_ai64-node32,2,3,24,results/session-i-h100-20260926/remote/run-01/result.json,/fixed_work/51
session-i-h100-20260926,NVIDIA H100 80GB HBM3,24,True,4.431839880215929e-09,25,2.134373787092045,q96x2,mg64-node,2,4,24,results/session-i-h100-20260926/remote/run-01/result.json,/fixed_work/52
session-i-h100-20260926,NVIDIA H100 80GB HBM3,24,True,4.431843915280764e-09,25,2.3615734500344843,q96x2,mg64-modal8_muladd,2,5,24,results/session-i-h100-20260926/remote/run-01/result.json,/fixed_work/53
session-i-h100-20260926,NVIDIA H100 80GB HBM3,20,True,7.445576465829139e-09,21,3.640649352921173,q96x3,mg32-node64-node32,0,0,20,results/session-i-h100-20260926/remote/run-01/result.json,/fixed_work/54
session-i-h100-20260926,NVIDIA H100 80GB HBM3,20,True,7.445571118935564e-09,21,6.264641412068158,q96x3,mg64-fused_ai,0,1,20,results/session-i-h100-20260926/remote/run-01/result.json,/fixed_work/55
session-i-h100-20260926,NVIDIA H100 80GB HBM3,20,True,7.445569473498271e-09,21,6.702866862993687,q96x3,mg64-modal8_muladd,0,2,20,results/session-i-h100-20260926/remote/run-01/result.json,/fixed_work/56
session-i-h100-20260926,NVIDIA H100 80GB HBM3,20,True,7.445567091278809e-09,21,6.150997190969065,q96x3,mg64-node,0,3,20,results/session-i-h100-20260926/remote/run-01/result.json,/fixed_work/57
session-i-h100-20260926,NVIDIA H100 80GB HBM3,20,True,7.4455611724830115e-09,21,3.7833258230239153,q96x3,mg32-modal8_muladd-node32,0,4,20,results/session-i-h100-20260926/remote/run-01/result.json,/fixed_work/58
session-i-h100-20260926,NVIDIA H100 80GB HBM3,20,True,7.445573544969161e-09,21,3.749596855835989,q96x3,mg32-fused_ai64-node32,0,5,20,results/session-i-h100-20260926/remote/run-01/result.json,/fixed_work/59
session-i-h100-20260926,NVIDIA H100 80GB HBM3,20,True,7.445567091278809e-09,21,6.082908556098118,q96x3,mg64-node,1,0,20,results/session-i-h100-20260926/remote/run-01/result.json,/fixed_work/60
session-i-h100-20260926,NVIDIA H100 80GB HBM3,20,True,7.445571994719753e-09,21,6.262940060114488,q96x3,mg64-fused_ai,1,1,20,results/session-i-h100-20260926/remote/run-01/result.json,/fixed_work/61
session-i-h100-20260926,NVIDIA H100 80GB HBM3,20,True,7.445571603991268e-09,21,3.754364299820736,q96x3,mg32-fused_ai64-node32,1,2,20,results/session-i-h100-20260926/remote/run-01/result.json,/fixed_work/62
session-i-h100-20260926,NVIDIA H100 80GB HBM3,20,True,7.445564745026381e-09,21,3.7968829048331827,q96x3,mg32-modal8_muladd-node32,1,3,20,results/session-i-h100-20260926/remote/run-01/result.json,/fixed_work/63
session-i-h100-20260926,NVIDIA H100 80GB HBM3,20,True,7.445576465829139e-09,21,3.7561544890049845,q96x3,mg32-node64-node32,1,4,20,results/session-i-h100-20260926/remote/run-01/result.json,/fixed_work/64
session-i-h100-20260926,NVIDIA H100 80GB HBM3,20,True,7.44557115710224e-09,21,6.754154009046033,q96x3,mg64-modal8_muladd,1,5,20,results/session-i-h100-20260926/remote/run-01/result.json,/fixed_work/65
session-i-h100-20260926,NVIDIA H100 80GB HBM3,20,True,7.445567091278809e-09,21,6.143228803994134,q96x3,mg64-node,2,0,20,results/session-i-h100-20260926/remote/run-01/result.json,/fixed_work/66
session-i-h100-20260926,NVIDIA H100 80GB HBM3,20,True,7.445573467077494e-09,21,3.7749935309402645,q96x3,mg32-modal8_muladd-node32,2,1,20,results/session-i-h100-20260926/remote/run-01/result.json,/fixed_work/67
session-i-h100-20260926,NVIDIA H100 80GB HBM3,20,True,7.4455711003922465e-09,21,6.730921491980553,q96x3,mg64-modal8_muladd,2,2,20,results/session-i-h100-20260926/remote/run-01/result.json,/fixed_work/68
session-i-h100-20260926,NVIDIA H100 80GB HBM3,20,True,7.445568764961341e-09,21,6.270416330080479,q96x3,mg64-fused_ai,2,3,20,results/session-i-h100-20260926/remote/run-01/result.json,/fixed_work/69
session-i-h100-20260926,NVIDIA H100 80GB HBM3,20,True,7.445576465829139e-09,21,3.748472049133852,q96x3,mg32-node64-node32,2,4,20,results/session-i-h100-20260926/remote/run-01/result.json,/fixed_work/70
session-i-h100-20260926,NVIDIA H100 80GB HBM3,20,True,7.44558227485742e-09,21,3.7626785999163985,q96x3,mg32-fused_ai64-node32,2,5,20,results/session-i-h100-20260926/remote/run-01/result.json,/fixed_work/71
session-i-rtx4090-20260926,NVIDIA GeForce RTX 4090,24,True,4.368396499169361e-09,25,0.30969927716068923,q96x1,mg32-node64-node32,0,0,24,results/session-i-rtx4090-20260926/remote/run-01/result.json,/fixed_work/0
session-i-rtx4090-20260926,NVIDIA GeForce RTX 4090,24,True,4.368451056505665e-09,25,0.5273661429528147,q96x1,mg64-modal8_muladd,0,1,24,results/session-i-rtx4090-20260926/remote/run-01/result.json,/fixed_work/1
session-i-rtx4090-20260926,NVIDIA GeForce RTX 4090,24,True,4.368452580744634e-09,25,0.8377624449785799,q96x1,mg64-node,0,2,24,results/session-i-rtx4090-20260926/remote/run-01/result.json,/fixed_work/2
session-i-rtx4090-20260926,NVIDIA GeForce RTX 4090,24,True,4.368453973591291e-09,25,0.7244249379727989,q96x1,mg64-fused_ai,0,3,24,results/session-i-rtx4090-20260926/remote/run-01/result.json,/fixed_work/3
session-i-rtx4090-20260926,NVIDIA GeForce RTX 4090,24,True,4.3684188323204745e-09,25,0.2756716599687934,q96x1,mg32-modal8_muladd-node32,0,4,24,results/session-i-rtx4090-20260926/remote/run-01/result.json,/fixed_work/4
session-i-rtx4090-20260926,NVIDIA GeForce RTX 4090,24,True,4.368415486430458e-09,25,0.29813703685067594,q96x1,mg32-fused_ai64-node32,0,5,24,results/session-i-rtx4090-20260926/remote/run-01/result.json,/fixed_work/5
session-i-rtx4090-20260926,NVIDIA GeForce RTX 4090,24,True,4.368452580744634e-09,25,0.8374956329353154,q96x1,mg64-node,1,0,24,results/session-i-rtx4090-20260926/remote/run-01/result.json,/fixed_work/6
session-i-rtx4090-20260926,NVIDIA GeForce RTX 4090,24,True,4.368437636428727e-09,25,0.2764927370008081,q96x1,mg32-modal8_muladd-node32,1,1,24,results/session-i-rtx4090-20260926/remote/run-01/result.json,/fixed_work/7
session-i-rtx4090-20260926,NVIDIA GeForce RTX 4090,24,True,4.368447570391998e-09,25,0.7239691140130162,q96x1,mg64-fused_ai,1,2,24,results/session-i-rtx4090-20260926/remote/run-01/result.json,/fixed_work/8
session-i-rtx4090-20260926,NVIDIA GeForce RTX 4090,24,True,4.368396499169361e-09,25,0.3096840369980782,q96x1,mg32-node64-node32,1,3,24,results/session-i-rtx4090-20260926/remote/run-01/result.json,/fixed_work/9
session-i-rtx4090-20260926,NVIDIA GeForce RTX 4090,24,True,4.368452309567093e-09,25,0.5269225791562349,q96x1,mg64-modal8_muladd,1,4,24,results/session-i-rtx4090-20260926/remote/run-01/result.json,/fixed_work/10
session-i-rtx4090-20260926,NVIDIA GeForce RTX 4090,24,True,4.368404654331152e-09,25,0.29530717502348125,q96x1,mg32-fused_ai64-node32,1,5,24,results/session-i-rtx4090-20260926/remote/run-01/result.json,/fixed_work/11
session-i-rtx4090-20260926,NVIDIA GeForce RTX 4090,24,True,4.368396499169361e-09,25,0.3085579280741513,q96x1,mg32-node64-node32,2,0,24,results/session-i-rtx4090-20260926/remote/run-01/result.json,/fixed_work/12
session-i-rtx4090-20260926,NVIDIA GeForce RTX 4090,24,True,4.3684487933212385e-09,25,0.7237299808766693,q96x1,mg64-fused_ai,2,1,24,results/session-i-rtx4090-20260926/remote/run-01/result.json,/fixed_work/13
session-i-rtx4090-20260926,NVIDIA GeForce RTX 4090,24,True,4.36839313970498e-09,25,0.2851530748885125,q96x1,mg32-modal8_muladd-node32,2,2,24,results/session-i-rtx4090-20260926/remote/run-01/result.json,/fixed_work/14
session-i-rtx4090-20260926,NVIDIA GeForce RTX 4090,24,True,4.368452580744634e-09,25,0.8363666050136089,q96x1,mg64-node,2,3,24,results/session-i-rtx4090-20260926/remote/run-01/result.json,/fixed_work/15
session-i-rtx4090-20260926,NVIDIA GeForce RTX 4090,24,True,4.36842445981566e-09,25,0.29739103000611067,q96x1,mg32-fused_ai64-node32,2,4,24,results/session-i-rtx4090-20260926/remote/run-01/result.json,/fixed_work/16
session-i-rtx4090-20260926,NVIDIA GeForce RTX 4090,24,True,4.3684525602512346e-09,25,0.5275301840156317,q96x1,mg64-modal8_muladd,2,5,24,results/session-i-rtx4090-20260926/remote/run-01/result.json,/fixed_work/17
session-i-rtx4090-20260926,NVIDIA GeForce RTX 4090,14,True,2.0623170772945534e-09,15,1.0693726460449398,q64x2,mg64-fused_ai,0,0,14,results/session-i-rtx4090-20260926/remote/run-01/result.json,/fixed_work/18
session-i-rtx4090-20260926,NVIDIA GeForce RTX 4090,14,True,2.062327322043575e-09,15,0.36679695383645594,q64x2,mg32-fused_ai64-node32,0,1,14,results/session-i-rtx4090-20260926/remote/run-01/result.json,/fixed_work/19
session-i-rtx4090-20260926,NVIDIA GeForce RTX 4090,14,True,2.0623297646161435e-09,15,0.3841917901299894,q64x2,mg32-node64-node32,0,2,14,results/session-i-rtx4090-20260926/remote/run-01/result.json,/fixed_work/20
session-i-rtx4090-20260926,NVIDIA GeForce RTX 4090,14,True,2.0623148266951697e-09,15,0.7873455979861319,q64x2,mg64-modal8_muladd,0,3,14,results/session-i-rtx4090-20260926/remote/run-01/result.json,/fixed_work/21
session-i-rtx4090-20260926,NVIDIA GeForce RTX 4090,14,True,2.0623144159510675e-09,15,1.2205990920774639,q64x2,mg64-node,0,4,14,results/session-i-rtx4090-20260926/remote/run-01/result.json,/fixed_work/22
session-i-rtx4090-20260926,NVIDIA GeForce RTX 4090,14,True,2.0623272320645656e-09,15,0.33606486301869154,q64x2,mg32-modal8_muladd-node32,0,5,14,results/session-i-rtx4090-20260926/remote/run-01/result.json,/fixed_work/23
session-i-rtx4090-20260926,NVIDIA GeForce RTX 4090,14,True,2.0623144159510675e-09,15,1.221231727860868,q64x2,mg64-node,1,0,14,results/session-i-rtx4090-20260926/remote/run-01/result.json,/fixed_work/24
session-i-rtx4090-20260926,NVIDIA GeForce RTX 4090,14,True,2.0623345321041986e-09,15,0.3663088690955192,q64x2,mg32-fused_ai64-node32,1,1,14,results/session-i-rtx4090-20260926/remote/run-01/result.json,/fixed_work/25
session-i-rtx4090-20260926,NVIDIA GeForce RTX 4090,14,True,2.0623322683581782e-09,15,0.33574313996359706,q64x2,mg32-modal8_muladd-node32,1,2,14,results/session-i-rtx4090-20260926/remote/run-01/result.json,/fixed_work/26
session-i-rtx4090-20260926,NVIDIA GeForce RTX 4090,14,True,2.0623297646161435e-09,15,0.3843863110523671,q64x2,mg32-node64-node32,1,3,14,results/session-i-rtx4090-20260926/remote/run-01/result.json,/fixed_work/27
session-i-rtx4090-20260926,NVIDIA GeForce RTX 4090,14,True,2.06231577859025e-09,15,0.7872346879448742,q64x2,mg64-modal8_muladd,1,4,14,results/session-i-rtx4090-20260926/remote/run-01/result.json,/fixed_work/28
session-i-rtx4090-20260926,NVIDIA GeForce RTX 4090,14,True,2.06231422016681e-09,15,1.0660557211376727,q64x2,mg64-fused_ai,1,5,14,results/session-i-rtx4090-20260926/remote/run-01/result.json,/fixed_work/29
session-i-rtx4090-20260926,NVIDIA GeForce RTX 4090,14,True,2.062318989075926e-09,15,0.7876732309814543,q64x2,mg64-modal8_muladd,2,0,14,results/session-i-rtx4090-20260926/remote/run-01/result.json,/fixed_work/30
session-i-rtx4090-20260926,NVIDIA GeForce RTX 4090,14,True,2.0623297646161435e-09,15,0.3840882289223373,q64x2,mg32-node64-node32,2,1,14,results/session-i-rtx4090-20260926/remote/run-01/result.json,/fixed_work/31
session-i-rtx4090-20260926,NVIDIA GeForce RTX 4090,14,True,2.0623144159510675e-09,15,1.2207178720273077,q64x2,mg64-node,2,2,14,results/session-i-rtx4090-20260926/remote/run-01/result.json,/fixed_work/32
session-i-rtx4090-20260926,NVIDIA GeForce RTX 4090,14,True,2.0623234858312136e-09,15,1.064214866841212,q64x2,mg64-fused_ai,2,3,14,results/session-i-rtx4090-20260926/remote/run-01/result.json,/fixed_work/33
session-i-rtx4090-20260926,NVIDIA GeForce RTX 4090,14,True,2.062318796836449e-09,15,0.3354658870957792,q64x2,mg32-modal8_muladd-node32,2,4,14,results/session-i-rtx4090-20260926/remote/run-01/result.json,/fixed_work/34
session-i-rtx4090-20260926,NVIDIA GeForce RTX 4090,14,True,2.062327135628107e-09,15,0.36675994214601815,q64x2,mg32-fused_ai64-node32,2,5,14,results/session-i-rtx4090-20260926/remote/run-01/result.json,/fixed_work/35
session-i-rtx4090-20260926,NVIDIA GeForce RTX 4090,24,True,4.431819666751373e-09,25,2.0408671740442514,q96x2,mg32-fused_ai64-node32,0,0,24,results/session-i-rtx4090-20260926/remote/run-01/result.json,/fixed_work/36
session-i-rtx4090-20260926,NVIDIA GeForce RTX 4090,24,True,4.431843116790818e-09,25,4.444825548911467,q96x2,mg64-modal8_muladd,0,1,24,results/session-i-rtx4090-20260926/remote/run-01/result.json,/fixed_work/37
session-i-rtx4090-20260926,NVIDIA GeForce RTX 4090,24,True,4.431842225069139e-09,25,6.00856778700836,q96x2,mg64-fused_ai,0,2,24,results/session-i-rtx4090-20260926/remote/run-01/result.json,/fixed_work/38
session-i-rtx4090-20260926,NVIDIA GeForce RTX 4090,24,True,4.431871884635323e-09,25,1.8659206540323794,q96x2,mg32-modal8_muladd-node32,0,3,24,results/session-i-rtx4090-20260926/remote/run-01/result.json,/fixed_work/39
session-i-rtx4090-20260926,NVIDIA GeForce RTX 4090,24,True,4.431870224573513e-09,25,2.1355897039175034,q96x2,mg32-node64-node32,0,4,24,results/session-i-rtx4090-20260926/remote/run-01/result.json,/fixed_work/40
session-i-rtx4090-20260926,NVIDIA GeForce RTX 4090,24,True,4.431838884156011e-09,25,6.863131113117561,q96x2,mg64-node,0,5,24,results/session-i-rtx4090-20260926/remote/run-01/result.json,/fixed_work/41
session-i-rtx4090-20260926,NVIDIA GeForce RTX 4090,24,True,4.431821885792659e-09,25,2.0406390000134706,q96x2,mg32-fused_ai64-node32,1,0,24,results/session-i-rtx4090-20260926/remote/run-01/result.json,/fixed_work/42
session-i-rtx4090-20260926,NVIDIA GeForce RTX 4090,24,True,4.431897512149073e-09,25,1.8666856088675559,q96x2,mg32-modal8_muladd-node32,1,1,24,results/session-i-rtx4090-20260926/remote/run-01/result.json,/fixed_work/43
session-i-rtx4090-20260926,NVIDIA GeForce RTX 4090,24,True,4.431838884156011e-09,25,6.862593724858016,q96x2,mg64-node,1,2,24,results/session-i-rtx4090-20260926/remote/run-01/result.json,/fixed_work/44
session-i-rtx4090-20260926,NVIDIA GeForce RTX 4090,24,True,4.431870224573513e-09,25,2.1367959121707827,q96x2,mg32-node64-node32,1,3,24,results/session-i-rtx4090-20260926/remote/run-01/result.json,/fixed_work/45
session-i-rtx4090-20260926,NVIDIA GeForce RTX 4090,24,True,4.431844350459698e-09,25,4.445383868180215,q96x2,mg64-modal8_muladd,1,4,24,results/session-i-rtx4090-20260926/remote/run-01/result.json,/fixed_work/46
session-i-rtx4090-20260926,NVIDIA GeForce RTX 4090,24,True,4.431844720886138e-09,25,6.01029547303915,q96x2,mg64-fused_ai,1,5,24,results/session-i-rtx4090-20260926/remote/run-01/result.json,/fixed_work/47
session-i-rtx4090-20260926,NVIDIA GeForce RTX 4090,24,True,4.4318508447264846e-09,25,1.8683212602045387,q96x2,mg32-modal8_muladd-node32,2,0,24,results/session-i-rtx4090-20260926/remote/run-01/result.json,/fixed_work/48
session-i-rtx4090-20260926,NVIDIA GeForce RTX 4090,24,True,4.431843362852e-09,25,6.018296313937753,q96x2,mg64-fused_ai,2,1,24,results/session-i-rtx4090-20260926/remote/run-01/result.json,/fixed_work/49
session-i-rtx4090-20260926,NVIDIA GeForce RTX 4090,24,True,4.431870224573513e-09,25,2.1375921370927244,q96x2,mg32-node64-node32,2,2,24,results/session-i-rtx4090-20260926/remote/run-01/result.json,/fixed_work/50
session-i-rtx4090-20260926,NVIDIA GeForce RTX 4090,24,True,4.431816757304495e-09,25,2.0421833600848913,q96x2,mg32-fused_ai64-node32,2,3,24,results/session-i-rtx4090-20260926/remote/run-01/result.json,/fixed_work/51
session-i-rtx4090-20260926,NVIDIA GeForce RTX 4090,24,True,4.431838884156011e-09,25,6.8765040170401335,q96x2,mg64-node,2,4,24,results/session-i-rtx4090-20260926/remote/run-01/result.json,/fixed_work/52
session-i-rtx4090-20260926,NVIDIA GeForce RTX 4090,24,True,4.4318454324464655e-09,25,4.450911146821454,q96x2,mg64-modal8_muladd,2,5,24,results/session-i-rtx4090-20260926/remote/run-01/result.json,/fixed_work/53
