host,gpu,family,case,arm,repetition,elements,total_dofs,free_dofs,hierarchy_levels,iterations,warm_solve_seconds,shared_setup_seconds,arm_setup_seconds,independent_true_residual,physical_passed,stopping_reason,device_used_bytes,pool_total_bytes,live_array_bytes,peak_bytes,raw_source,raw_pointer
session-i-a100-20260926,NVIDIA A100 80GB PCIe,rediscretized,q96x1,mg32-modal8_muladd-node32,0,1769472,5447811,5419584,5,24,0.3158983327448368,4.636592859402299,0.0030070357024669647,4.3684174660823975e-09,True,residual_tolerance,,,,,results/session-i-a100-20260926/remote/run-01/result.json,/to_tolerance/0
session-i-a100-20260926,NVIDIA A100 80GB PCIe,rediscretized,q96x1,mg64-node,0,1769472,5447811,5419584,5,24,0.36296349950134754,4.636592859402299,0.003772422671318054,4.368450385641417e-09,True,residual_tolerance,,,,,results/session-i-a100-20260926/remote/run-01/result.json,/to_tolerance/1
session-i-a100-20260926,NVIDIA A100 80GB PCIe,rediscretized,q96x1,mg64-fused_ai,0,1769472,5447811,5419584,5,24,0.39798338152468204,4.636592859402299,0.0023468192666769028,4.368452322828173e-09,True,residual_tolerance,,,,,results/session-i-a100-20260926/remote/run-01/result.json,/to_tolerance/2
session-i-a100-20260926,NVIDIA A100 80GB PCIe,rediscretized,q96x1,mg32-node64-node32,0,1769472,5447811,5419584,5,24,0.3062014505267143,4.636592859402299,0.5481321532279253,4.368405791165086e-09,True,residual_tolerance,,,,,results/session-i-a100-20260926/remote/run-01/result.json,/to_tolerance/3
session-i-a100-20260926,NVIDIA A100 80GB PCIe,rediscretized,q96x1,mg64-modal8_muladd,0,1769472,5447811,5419584,5,24,0.434060700237751,4.636592859402299,0.00316477008163929,4.368451403015434e-09,True,residual_tolerance,,,,,results/session-i-a100-20260926/remote/run-01/result.json,/to_tolerance/4
session-i-a100-20260926,NVIDIA A100 80GB PCIe,rediscretized,q96x1,mg32-fused_ai64-node32,0,1769472,5447811,5419584,5,24,0.32184760831296444,4.636592859402299,0.0032439790666103363,4.368404640446778e-09,True,residual_tolerance,,,,,results/session-i-a100-20260926/remote/run-01/result.json,/to_tolerance/5
session-i-a100-20260926,NVIDIA A100 80GB PCIe,rediscretized,q96x1,mg32-node64-node32,1,1769472,5447811,5419584,5,24,0.33306113816797733,4.636592859402299,0.5481321532279253,4.368405791165086e-09,True,residual_tolerance,,,,,results/session-i-a100-20260926/remote/run-01/result.json,/to_tolerance/6
session-i-a100-20260926,NVIDIA A100 80GB PCIe,rediscretized,q96x1,mg64-node,1,1769472,5447811,5419584,5,24,0.36217871867120266,4.636592859402299,0.003772422671318054,4.368450385641417e-09,True,residual_tolerance,,,,,results/session-i-a100-20260926/remote/run-01/result.json,/to_tolerance/7
session-i-a100-20260926,NVIDIA A100 80GB PCIe,rediscretized,q96x1,mg64-modal8_muladd,1,1769472,5447811,5419584,5,24,0.435006957501173,4.636592859402299,0.00316477008163929,4.3684503415162754e-09,True,residual_tolerance,,,,,results/session-i-a100-20260926/remote/run-01/result.json,/to_tolerance/8
session-i-a100-20260926,NVIDIA A100 80GB PCIe,rediscretized,q96x1,mg64-fused_ai,1,1769472,5447811,5419584,5,24,0.39149592258036137,4.636592859402299,0.0023468192666769028,4.368491340679791e-09,True,residual_tolerance,,,,,results/session-i-a100-20260926/remote/run-01/result.json,/to_tolerance/9
session-i-a100-20260926,NVIDIA A100 80GB PCIe,rediscretized,q96x1,mg32-fused_ai64-node32,1,1769472,5447811,5419584,5,24,0.31034382060170174,4.636592859402299,0.0032439790666103363,4.368375422046426e-09,True,residual_tolerance,,,,,results/session-i-a100-20260926/remote/run-01/result.json,/to_tolerance/10
session-i-a100-20260926,NVIDIA A100 80GB PCIe,rediscretized,q96x1,mg32-modal8_muladd-node32,1,1769472,5447811,5419584,5,24,0.3407667577266693,4.636592859402299,0.0030070357024669647,4.3684196753855985e-09,True,residual_tolerance,,,,,results/session-i-a100-20260926/remote/run-01/result.json,/to_tolerance/11
session-i-a100-20260926,NVIDIA A100 80GB PCIe,rediscretized,q64x2,mg32-fused_ai64-node32,0,4194304,12830211,12780288,5,14,0.3156052269041538,2.1372503507882357,0.003569329157471657,2.0623540359679327e-09,True,residual_tolerance,,,,,results/session-i-a100-20260926/remote/run-01/result.json,/to_tolerance/12
session-i-a100-20260926,NVIDIA A100 80GB PCIe,rediscretized,q64x2,mg64-fused_ai,0,4194304,12830211,12780288,5,14,0.5322413071990013,2.1372503507882357,0.0030923746526241302,2.062348550498028e-09,True,residual_tolerance,,,,,results/session-i-a100-20260926/remote/run-01/result.json,/to_tolerance/13
session-i-a100-20260926,NVIDIA A100 80GB PCIe,rediscretized,q64x2,mg64-node,0,4194304,12830211,12780288,5,14,0.4898410104215145,2.1372503507882357,0.003416977822780609,2.0623102579290003e-09,True,residual_tolerance,,,,,results/session-i-a100-20260926/remote/run-01/result.json,/to_tolerance/14
session-i-a100-20260926,NVIDIA A100 80GB PCIe,rediscretized,q64x2,mg32-modal8_muladd-node32,0,4194304,12830211,12780288,5,14,0.32640847750008106,2.1372503507882357,0.003377459943294525,2.0623166183373014e-09,True,residual_tolerance,,,,,results/session-i-a100-20260926/remote/run-01/result.json,/to_tolerance/15
session-i-a100-20260926,NVIDIA A100 80GB PCIe,rediscretized,q64x2,mg32-node64-node32,0,4194304,12830211,12780288,5,14,0.3066852707415819,2.1372503507882357,0.0034220684319734573,2.0623291767973295e-09,True,residual_tolerance,,,,,results/session-i-a100-20260926/remote/run-01/result.json,/to_tolerance/16
session-i-a100-20260926,NVIDIA A100 80GB PCIe,rediscretized,q64x2,mg64-modal8_muladd,0,4194304,12830211,12780288,5,14,0.5809449590742588,2.1372503507882357,0.003402411937713623,2.0623057193161645e-09,True,residual_tolerance,,,,,results/session-i-a100-20260926/remote/run-01/result.json,/to_tolerance/17
session-i-a100-20260926,NVIDIA A100 80GB PCIe,rediscretized,q64x2,mg32-node64-node32,1,4194304,12830211,12780288,5,14,0.31359876692295074,2.1372503507882357,0.0034220684319734573,2.0623291767973295e-09,True,residual_tolerance,,,,,results/session-i-a100-20260926/remote/run-01/result.json,/to_tolerance/18
session-i-a100-20260926,NVIDIA A100 80GB PCIe,rediscretized,q64x2,mg64-node,1,4194304,12830211,12780288,5,14,0.4921783525496721,2.1372503507882357,0.003416977822780609,2.0623102579290003e-09,True,residual_tolerance,,,,,results/session-i-a100-20260926/remote/run-01/result.json,/to_tolerance/19
session-i-a100-20260926,NVIDIA A100 80GB PCIe,rediscretized,q64x2,mg32-fused_ai64-node32,1,4194304,12830211,12780288,5,14,0.31500830315053463,2.1372503507882357,0.003569329157471657,2.062308320842463e-09,True,residual_tolerance,,,,,results/session-i-a100-20260926/remote/run-01/result.json,/to_tolerance/20
session-i-a100-20260926,NVIDIA A100 80GB PCIe,rediscretized,q64x2,mg64-modal8_muladd,1,4194304,12830211,12780288,5,14,0.5823486894369125,2.1372503507882357,0.003402411937713623,2.062310184046915e-09,True,residual_tolerance,,,,,results/session-i-a100-20260926/remote/run-01/result.json,/to_tolerance/21
session-i-a100-20260926,NVIDIA A100 80GB PCIe,rediscretized,q64x2,mg64-fused_ai,1,4194304,12830211,12780288,5,14,0.5183192025870085,2.1372503507882357,0.0030923746526241302,2.062292952724896e-09,True,residual_tolerance,,,,,results/session-i-a100-20260926/remote/run-01/result.json,/to_tolerance/22
session-i-a100-20260926,NVIDIA A100 80GB PCIe,rediscretized,q64x2,mg32-modal8_muladd-node32,1,4194304,12830211,12780288,5,14,0.3381912838667631,2.1372503507882357,0.003377459943294525,2.0623113778059183e-09,True,residual_tolerance,,,,,results/session-i-a100-20260926/remote/run-01/result.json,/to_tolerance/23
session-i-a100-20260926,NVIDIA A100 80GB PCIe,rediscretized,q96x2,mg64-node,0,14155776,43022595,42910848,6,24,2.6633847523480654,3.4163955878466368,0.005275188013911247,4.431878264375171e-09,True,residual_tolerance,,,,,results/session-i-a100-20260926/remote/run-01/result.json,/to_tolerance/24
session-i-a100-20260926,NVIDIA A100 80GB PCIe,rediscretized,q96x2,mg64-modal8_muladd,0,14155776,43022595,42910848,6,24,3.1732605881989002,3.4163955878466368,0.005658512935042381,4.431842783145422e-09,True,residual_tolerance,,,,,results/session-i-a100-20260926/remote/run-01/result.json,/to_tolerance/25
session-i-a100-20260926,NVIDIA A100 80GB PCIe,rediscretized,q96x2,mg64-fused_ai,0,14155776,43022595,42910848,6,24,2.8059862218797207,3.4163955878466368,0.005267877131700516,4.431788750544785e-09,True,residual_tolerance,,,,,results/session-i-a100-20260926/remote/run-01/result.json,/to_tolerance/26
session-i-a100-20260926,NVIDIA A100 80GB PCIe,rediscretized,q96x2,mg32-modal8_muladd-node32,0,14155776,43022595,42910848,6,24,1.7276857811957598,3.4163955878466368,0.0040852222591638565,4.431843533313623e-09,True,residual_tolerance,,,,,results/session-i-a100-20260926/remote/run-01/result.json,/to_tolerance/27
session-i-a100-20260926,NVIDIA A100 80GB PCIe,rediscretized,q96x2,mg32-fused_ai64-node32,0,14155776,43022595,42910848,6,24,1.6576058883219957,3.4163955878466368,0.004080679267644882,4.431869443475971e-09,True,residual_tolerance,,,,,results/session-i-a100-20260926/remote/run-01/result.json,/to_tolerance/28
session-i-a100-20260926,NVIDIA A100 80GB PCIe,rediscretized,q96x2,mg32-node64-node32,0,14155776,43022595,42910848,6,24,1.6225029863417149,3.4163955878466368,0.004079297184944153,4.431843598951577e-09,True,residual_tolerance,,,,,results/session-i-a100-20260926/remote/run-01/result.json,/to_tolerance/29
session-i-a100-20260926,NVIDIA A100 80GB PCIe,rediscretized,q96x2,mg64-node,1,14155776,43022595,42910848,6,24,2.6477953884750605,3.4163955878466368,0.005275188013911247,4.431878264375171e-09,True,residual_tolerance,,,,,results/session-i-a100-20260926/remote/run-01/result.json,/to_tolerance/30
session-i-a100-20260926,NVIDIA A100 80GB PCIe,rediscretized,q96x2,mg32-fused_ai64-node32,1,14155776,43022595,42910848,6,24,1.677405958995223,3.4163955878466368,0.004080679267644882,4.431779164482798e-09,True,residual_tolerance,,,,,results/session-i-a100-20260926/remote/run-01/result.json,/to_tolerance/31
session-i-a100-20260926,NVIDIA A100 80GB PCIe,rediscretized,q96x2,mg64-modal8_muladd,1,14155776,43022595,42910848,6,24,3.163610566407442,3.4163955878466368,0.005658512935042381,4.431844125940111e-09,True,residual_tolerance,,,,,results/session-i-a100-20260926/remote/run-01/result.json,/to_tolerance/32
session-i-a100-20260926,NVIDIA A100 80GB PCIe,rediscretized,q96x2,mg32-modal8_muladd-node32,1,14155776,43022595,42910848,6,24,1.7472218181937933,3.4163955878466368,0.0040852222591638565,4.4318518201039816e-09,True,residual_tolerance,,,,,results/session-i-a100-20260926/remote/run-01/result.json,/to_tolerance/33
session-i-a100-20260926,NVIDIA A100 80GB PCIe,rediscretized,q96x2,mg32-node64-node32,1,14155776,43022595,42910848,6,24,1.6256089694797993,3.4163955878466368,0.004079297184944153,4.431843598951577e-09,True,residual_tolerance,,,,,results/session-i-a100-20260926/remote/run-01/result.json,/to_tolerance/34
session-i-a100-20260926,NVIDIA A100 80GB PCIe,rediscretized,q96x2,mg64-fused_ai,1,14155776,43022595,42910848,6,24,2.8052512779831886,3.4163955878466368,0.005267877131700516,4.431872871471013e-09,True,residual_tolerance,,,,,results/session-i-a100-20260926/remote/run-01/result.json,/to_tolerance/35
session-i-a100-20260926,NVIDIA A100 80GB PCIe,rediscretized,q96x3,mg64-fused_ai,0,47775744,144574851,144324288,6,20,7.859683407470584,13.677740596234798,0.017257463186979294,7.445597310011769e-09,True,residual_tolerance,,,,,results/session-i-a100-20260926/remote/run-01/result.json,/to_tolerance/36
session-i-a100-20260926,NVIDIA A100 80GB PCIe,rediscretized,q96x3,mg64-node,0,47775744,144574851,144324288,6,20,7.412375207990408,13.677740596234798,0.01726173236966133,7.4455937711477e-09,True,residual_tolerance,,,,,results/session-i-a100-20260926/remote/run-01/result.json,/to_tolerance/37
session-i-a100-20260926,NVIDIA A100 80GB PCIe,rediscretized,q96x3,mg32-node64-node32,0,47775744,144574851,144324288,6,20,4.543081305921078,13.677740596234798,0.013210969045758247,7.445613913249251e-09,True,residual_tolerance,,,,,results/session-i-a100-20260926/remote/run-01/result.json,/to_tolerance/38
session-i-a100-20260926,NVIDIA A100 80GB PCIe,rediscretized,q96x3,mg32-modal8_muladd-node32,0,47775744,144574851,144324288,6,20,4.845802737399936,13.677740596234798,0.013186411932110786,7.4455669315637524e-09,True,residual_tolerance,,,,,results/session-i-a100-20260926/remote/run-01/result.json,/to_tolerance/39
session-i-a100-20260926,NVIDIA A100 80GB PCIe,rediscretized,q96x3,mg32-fused_ai64-node32,0,47775744,144574851,144324288,6,20,4.610572583973408,13.677740596234798,0.013194099068641663,7.445599166664611e-09,True,residual_tolerance,,,,,results/session-i-a100-20260926/remote/run-01/result.json,/to_tolerance/40
session-i-a100-20260926,NVIDIA A100 80GB PCIe,rediscretized,q96x3,mg64-modal8_muladd,0,47775744,144574851,144324288,6,20,8.89579863846302,13.677740596234798,0.017254836857318878,7.445569310947522e-09,True,residual_tolerance,,,,,results/session-i-a100-20260926/remote/run-01/result.json,/to_tolerance/41
session-i-a100-20260926,NVIDIA A100 80GB PCIe,rediscretized,q96x3,mg32-node64-node32,1,47775744,144574851,144324288,6,20,4.530750632286072,13.677740596234798,0.013210969045758247,7.445613913249251e-09,True,residual_tolerance,,,,,results/session-i-a100-20260926/remote/run-01/result.json,/to_tolerance/42
session-i-a100-20260926,NVIDIA A100 80GB PCIe,rediscretized,q96x3,mg64-node,1,47775744,144574851,144324288,6,20,7.415529204532504,13.677740596234798,0.01726173236966133,7.4455937711477e-09,True,residual_tolerance,,,,,results/session-i-a100-20260926/remote/run-01/result.json,/to_tolerance/43
session-i-a100-20260926,NVIDIA A100 80GB PCIe,rediscretized,q96x3,mg64-fused_ai,1,47775744,144574851,144324288,6,20,7.851993044838309,13.677740596234798,0.017257463186979294,7.445634878342999e-09,True,residual_tolerance,,,,,results/session-i-a100-20260926/remote/run-01/result.json,/to_tolerance/44
session-i-a100-20260926,NVIDIA A100 80GB PCIe,rediscretized,q96x3,mg32-modal8_muladd-node32,1,47775744,144574851,144324288,6,20,4.839537516236305,13.677740596234798,0.013186411932110786,7.445556037978037e-09,True,residual_tolerance,,,,,results/session-i-a100-20260926/remote/run-01/result.json,/to_tolerance/45
session-i-a100-20260926,NVIDIA A100 80GB PCIe,rediscretized,q96x3,mg32-fused_ai64-node32,1,47775744,144574851,144324288,6,20,4.613113449886441,13.677740596234798,0.013194099068641663,7.445524803689728e-09,True,residual_tolerance,,,,,results/session-i-a100-20260926/remote/run-01/result.json,/to_tolerance/46
session-i-a100-20260926,NVIDIA A100 80GB PCIe,rediscretized,q96x3,mg64-modal8_muladd,1,47775744,144574851,144324288,6,20,8.9072799179703,13.677740596234798,0.017254836857318878,7.445569179774519e-09,True,residual_tolerance,,,,,results/session-i-a100-20260926/remote/run-01/result.json,/to_tolerance/47
session-i-h100-20260926,NVIDIA H100 80GB HBM3,rediscretized,q96x1,mg32-modal8_muladd-node32,0,1769472,5447811,5419584,5,24,0.1964236181229353,3.314265826018527,0.0015938801225274801,4.368398034527984e-09,True,residual_tolerance,,,,,results/session-i-h100-20260926/remote/run-01/result.json,/to_tolerance/0
session-i-h100-20260926,NVIDIA H100 80GB HBM3,rediscretized,q96x1,mg64-node,0,1769472,5447811,5419584,5,24,0.2591178249567747,3.314265826018527,0.002040550112724304,4.3684421017087675e-09,True,residual_tolerance,,,,,results/session-i-h100-20260926/remote/run-01/result.json,/to_tolerance/1
session-i-h100-20260926,NVIDIA H100 80GB HBM3,rediscretized,q96x1,mg64-fused_ai,0,1769472,5447811,5419584,5,24,0.2771954599302262,3.314265826018527,0.0013044560328125954,4.36846592035482e-09,True,residual_tolerance,,,,,results/session-i-h100-20260926/remote/run-01/result.json,/to_tolerance/2
session-i-h100-20260926,NVIDIA H100 80GB HBM3,rediscretized,q96x1,mg32-node64-node32,0,1769472,5447811,5419584,5,24,0.1874037180095911,3.314265826018527,0.38849221519194543,4.368457119120567e-09,True,residual_tolerance,,,,,results/session-i-h100-20260926/remote/run-01/result.json,/to_tolerance/3
session-i-h100-20260926,NVIDIA H100 80GB HBM3,rediscretized,q96x1,mg64-modal8_muladd,0,1769472,5447811,5419584,5,24,0.2992480150423944,3.314265826018527,0.001674621133133769,4.368449044329485e-09,True,residual_tolerance,,,,,results/session-i-h100-20260926/remote/run-01/result.json,/to_tolerance/4
session-i-h100-20260926,NVIDIA H100 80GB HBM3,rediscretized,q96x1,mg32-fused_ai64-node32,0,1769472,5447811,5419584,5,24,0.19047769391909242,3.314265826018527,0.0017324788495898247,4.368442429116967e-09,True,residual_tolerance,,,,,results/session-i-h100-20260926/remote/run-01/result.json,/to_tolerance/5
session-i-h100-20260926,NVIDIA H100 80GB HBM3,rediscretized,q96x1,mg32-node64-node32,1,1769472,5447811,5419584,5,24,0.18695741519331932,3.314265826018527,0.38849221519194543,4.368457119120567e-09,True,residual_tolerance,,,,,results/session-i-h100-20260926/remote/run-01/result.json,/to_tolerance/6
session-i-h100-20260926,NVIDIA H100 80GB HBM3,rediscretized,q96x1,mg64-node,1,1769472,5447811,5419584,5,24,0.2566701250616461,3.314265826018527,0.002040550112724304,4.3684421017087675e-09,True,residual_tolerance,,,,,results/session-i-h100-20260926/remote/run-01/result.json,/to_tolerance/7
session-i-h100-20260926,NVIDIA H100 80GB HBM3,rediscretized,q96x1,mg64-modal8_muladd,1,1769472,5447811,5419584,5,24,0.30099400505423546,3.314265826018527,0.001674621133133769,4.368451366896865e-09,True,residual_tolerance,,,,,results/session-i-h100-20260926/remote/run-01/result.json,/to_tolerance/8
session-i-h100-20260926,NVIDIA H100 80GB HBM3,rediscretized,q96x1,mg64-fused_ai,1,1769472,5447811,5419584,5,24,0.2740882888901979,3.314265826018527,0.0013044560328125954,4.368482789886856e-09,True,residual_tolerance,,,,,results/session-i-h100-20260926/remote/run-01/result.json,/to_tolerance/9
session-i-h100-20260926,NVIDIA H100 80GB HBM3,rediscretized,q96x1,mg32-fused_ai64-node32,1,1769472,5447811,5419584,5,24,0.19004435907118022,3.314265826018527,0.0017324788495898247,4.368465938785184e-09,True,residual_tolerance,,,,,results/session-i-h100-20260926/remote/run-01/result.json,/to_tolerance/10
session-i-h100-20260926,NVIDIA H100 80GB HBM3,rediscretized,q96x1,mg32-modal8_muladd-node32,1,1769472,5447811,5419584,5,24,0.1939328268636018,3.314265826018527,0.0015938801225274801,4.368419289912529e-09,True,residual_tolerance,,,,,results/session-i-h100-20260926/remote/run-01/result.json,/to_tolerance/11
session-i-h100-20260926,NVIDIA H100 80GB HBM3,rediscretized,q64x2,mg32-fused_ai64-node32,0,4194304,12830211,12780288,5,14,0.25222233892418444,1.520935985026881,0.0018209510017186403,2.062288054867551e-09,True,residual_tolerance,,,,,results/session-i-h100-20260926/remote/run-01/result.json,/to_tolerance/12
session-i-h100-20260926,NVIDIA H100 80GB HBM3,rediscretized,q64x2,mg64-fused_ai,0,4194304,12830211,12780288,5,14,0.3615607179235667,1.520935985026881,0.0016326080076396465,2.0622682663461903e-09,True,residual_tolerance,,,,,results/session-i-h100-20260926/remote/run-01/result.json,/to_tolerance/13
session-i-h100-20260926,NVIDIA H100 80GB HBM3,rediscretized,q64x2,mg64-node,0,4194304,12830211,12780288,5,14,0.3356672408990562,1.520935985026881,0.001884716097265482,2.0623168661496946e-09,True,residual_tolerance,,,,,results/session-i-h100-20260926/remote/run-01/result.json,/to_tolerance/14
session-i-h100-20260926,NVIDIA H100 80GB HBM3,rediscretized,q64x2,mg32-modal8_muladd-node32,0,4194304,12830211,12780288,5,14,0.24471912789158523,1.520935985026881,0.0019032149575650692,2.062318428160193e-09,True,residual_tolerance,,,,,results/session-i-h100-20260926/remote/run-01/result.json,/to_tolerance/15
session-i-h100-20260926,NVIDIA H100 80GB HBM3,rediscretized,q64x2,mg32-node64-node32,0,4194304,12830211,12780288,5,14,0.23698870395310223,1.520935985026881,0.0017458070069551468,2.062330772650713e-09,True,residual_tolerance,,,,,results/session-i-h100-20260926/remote/run-01/result.json,/to_tolerance/16
session-i-h100-20260926,NVIDIA H100 80GB HBM3,rediscretized,q64x2,mg64-modal8_muladd,0,4194304,12830211,12780288,5,14,0.3937931340187788,1.520935985026881,0.0018348810262978077,2.0623041513616107e-09,True,residual_tolerance,,,,,results/session-i-h100-20260926/remote/run-01/result.json,/to_tolerance/17
session-i-h100-20260926,NVIDIA H100 80GB HBM3,rediscretized,q64x2,mg32-node64-node32,1,4194304,12830211,12780288,5,14,0.23505807388573885,1.520935985026881,0.0017458070069551468,2.062330772650713e-09,True,residual_tolerance,,,,,results/session-i-h100-20260926/remote/run-01/result.json,/to_tolerance/18
session-i-h100-20260926,NVIDIA H100 80GB HBM3,rediscretized,q64x2,mg64-node,1,4194304,12830211,12780288,5,14,0.34449596307240427,1.520935985026881,0.001884716097265482,2.0623168661496946e-09,True,residual_tolerance,,,,,results/session-i-h100-20260926/remote/run-01/result.json,/to_tolerance/19
session-i-h100-20260926,NVIDIA H100 80GB HBM3,rediscretized,q64x2,mg32-fused_ai64-node32,1,4194304,12830211,12780288,5,14,0.23911614110693336,1.520935985026881,0.0018209510017186403,2.0622879254731433e-09,True,residual_tolerance,,,,,results/session-i-h100-20260926/remote/run-01/result.json,/to_tolerance/20
session-i-h100-20260926,NVIDIA H100 80GB HBM3,rediscretized,q64x2,mg64-modal8_muladd,1,4194304,12830211,12780288,5,14,0.3926026790868491,1.520935985026881,0.0018348810262978077,2.06230546611334e-09,True,residual_tolerance,,,,,results/session-i-h100-20260926/remote/run-01/result.json,/to_tolerance/21
session-i-h100-20260926,NVIDIA H100 80GB HBM3,rediscretized,q64x2,mg64-fused_ai,1,4194304,12830211,12780288,5,14,0.361162886954844,1.520935985026881,0.0016326080076396465,2.062289663206139e-09,True,residual_tolerance,,,,,results/session-i-h100-20260926/remote/run-01/result.json,/to_tolerance/22
session-i-h100-20260926,NVIDIA H100 80GB HBM3,rediscretized,q64x2,mg32-modal8_muladd-node32,1,4194304,12830211,12780288,5,14,0.24566523102112114,1.520935985026881,0.0019032149575650692,2.062309382711619e-09,True,residual_tolerance,,,,,results/session-i-h100-20260926/remote/run-01/result.json,/to_tolerance/23
session-i-h100-20260926,NVIDIA H100 80GB HBM3,rediscretized,q96x2,mg64-node,0,14155776,43022595,42910848,6,24,2.2373172419611365,2.2360243319999427,0.0035169331822544336,4.431865128354566e-09,True,residual_tolerance,,,,,results/session-i-h100-20260926/remote/run-01/result.json,/to_tolerance/24
session-i-h100-20260926,NVIDIA H100 80GB HBM3,rediscretized,q96x2,mg64-modal8_muladd,0,14155776,43022595,42910848,6,24,2.411710918182507,2.2360243319999427,0.0035018378403037786,4.431844104818354e-09,True,residual_tolerance,,,,,results/session-i-h100-20260926/remote/run-01/result.json,/to_tolerance/25
session-i-h100-20260926,NVIDIA H100 80GB HBM3,rediscretized,q96x2,mg64-fused_ai,0,14155776,43022595,42910848,6,24,2.240973911015317,2.2360243319999427,0.0035151198972016573,4.431832900320347e-09,True,residual_tolerance,,,,,results/session-i-h100-20260926/remote/run-01/result.json,/to_tolerance/26
session-i-h100-20260926,NVIDIA H100 80GB HBM3,rediscretized,q96x2,mg32-modal8_muladd-node32,0,14155776,43022595,42910848,6,24,1.4386021620593965,2.2360243319999427,0.0030594358686357737,4.43181913007585e-09,True,residual_tolerance,,,,,results/session-i-h100-20260926/remote/run-01/result.json,/to_tolerance/27
session-i-h100-20260926,NVIDIA H100 80GB HBM3,rediscretized,q96x2,mg32-fused_ai64-node32,0,14155776,43022595,42910848,6,24,1.403172394959256,2.2360243319999427,0.0030548390932381153,4.431817332302271e-09,True,residual_tolerance,,,,,results/session-i-h100-20260926/remote/run-01/result.json,/to_tolerance/28
session-i-h100-20260926,NVIDIA H100 80GB HBM3,rediscretized,q96x2,mg32-node64-node32,0,14155776,43022595,42910848,6,24,1.3948994879610837,2.2360243319999427,0.0030592549592256546,4.431759369931664e-09,True,residual_tolerance,,,,,results/session-i-h100-20260926/remote/run-01/result.json,/to_tolerance/29
session-i-h100-20260926,NVIDIA H100 80GB HBM3,rediscretized,q96x2,mg64-node,1,14155776,43022595,42910848,6,24,2.161898468853906,2.2360243319999427,0.0035169331822544336,4.431865128354566e-09,True,residual_tolerance,,,,,results/session-i-h100-20260926/remote/run-01/result.json,/to_tolerance/30
session-i-h100-20260926,NVIDIA H100 80GB HBM3,rediscretized,q96x2,mg32-fused_ai64-node32,1,14155776,43022595,42910848,6,24,1.4052507560700178,2.2360243319999427,0.0030548390932381153,4.4317488967284235e-09,True,residual_tolerance,,,,,results/session-i-h100-20260926/remote/run-01/result.json,/to_tolerance/31
session-i-h100-20260926,NVIDIA H100 80GB HBM3,rediscretized,q96x2,mg64-modal8_muladd,1,14155776,43022595,42910848,6,24,2.4084528707899153,2.2360243319999427,0.0035018378403037786,4.431845728359327e-09,True,residual_tolerance,,,,,results/session-i-h100-20260926/remote/run-01/result.json,/to_tolerance/32
session-i-h100-20260926,NVIDIA H100 80GB HBM3,rediscretized,q96x2,mg32-modal8_muladd-node32,1,14155776,43022595,42910848,6,24,1.43632529117167,2.2360243319999427,0.0030594358686357737,4.431834351299129e-09,True,residual_tolerance,,,,,results/session-i-h100-20260926/remote/run-01/result.json,/to_tolerance/33
session-i-h100-20260926,NVIDIA H100 80GB HBM3,rediscretized,q96x2,mg32-node64-node32,1,14155776,43022595,42910848,6,24,1.3889645680319518,2.2360243319999427,0.0030592549592256546,4.431759369931664e-09,True,residual_tolerance,,,,,results/session-i-h100-20260926/remote/run-01/result.json,/to_tolerance/34
session-i-h100-20260926,NVIDIA H100 80GB HBM3,rediscretized,q96x2,mg64-fused_ai,1,14155776,43022595,42910848,6,24,2.22722747316584,2.2360243319999427,0.0035151198972016573,4.431887145819458e-09,True,residual_tolerance,,,,,results/session-i-h100-20260926/remote/run-01/result.json,/to_tolerance/35
session-i-h100-20260926,NVIDIA H100 80GB HBM3,rediscretized,q96x3,mg64-fused_ai,0,47775744,144574851,144324288,6,20,6.4057941909413785,9.570859680883586,0.011204136069864035,7.445500350993264e-09,True,residual_tolerance,,,,,results/session-i-h100-20260926/remote/run-01/result.json,/to_tolerance/36
session-i-h100-20260926,NVIDIA H100 80GB HBM3,rediscretized,q96x3,mg64-node,0,47775744,144574851,144324288,6,20,6.1780081379693,9.570859680883586,0.01118022995069623,7.4455670745911336e-09,True,residual_tolerance,,,,,results/session-i-h100-20260926/remote/run-01/result.json,/to_tolerance/37
session-i-h100-20260926,NVIDIA H100 80GB HBM3,rediscretized,q96x3,mg32-node64-node32,0,47775744,144574851,144324288,6,20,3.987717376090586,9.570859680883586,0.010851758997887373,7.445594141575011e-09,True,residual_tolerance,,,,,results/session-i-h100-20260926/remote/run-01/result.json,/to_tolerance/38
session-i-h100-20260926,NVIDIA H100 80GB HBM3,rediscretized,q96x3,mg32-modal8_muladd-node32,0,47775744,144574851,144324288,6,20,4.096354556968436,9.570859680883586,0.010839369148015976,7.445576865845888e-09,True,residual_tolerance,,,,,results/session-i-h100-20260926/remote/run-01/result.json,/to_tolerance/39
session-i-h100-20260926,NVIDIA H100 80GB HBM3,rediscretized,q96x3,mg32-fused_ai64-node32,0,47775744,144574851,144324288,6,20,4.000021948013455,9.570859680883586,0.010846849996596575,7.445556427160718e-09,True,residual_tolerance,,,,,results/session-i-h100-20260926/remote/run-01/result.json,/to_tolerance/40
session-i-h100-20260926,NVIDIA H100 80GB HBM3,rediscretized,q96x3,mg64-modal8_muladd,0,47775744,144574851,144324288,6,20,6.891713273013011,9.570859680883586,0.01136539806611836,7.445570692536359e-09,True,residual_tolerance,,,,,results/session-i-h100-20260926/remote/run-01/result.json,/to_tolerance/41
session-i-h100-20260926,NVIDIA H100 80GB HBM3,rediscretized,q96x3,mg32-node64-node32,1,47775744,144574851,144324288,6,20,3.9682227068115026,9.570859680883586,0.010851758997887373,7.445594141575011e-09,True,residual_tolerance,,,,,results/session-i-h100-20260926/remote/run-01/result.json,/to_tolerance/42
session-i-h100-20260926,NVIDIA H100 80GB HBM3,rediscretized,q96x3,mg64-node,1,47775744,144574851,144324288,6,20,6.203722543083131,9.570859680883586,0.01118022995069623,7.4455670745911336e-09,True,residual_tolerance,,,,,results/session-i-h100-20260926/remote/run-01/result.json,/to_tolerance/43
session-i-h100-20260926,NVIDIA H100 80GB HBM3,rediscretized,q96x3,mg64-fused_ai,1,47775744,144574851,144324288,6,20,6.384488669922575,9.570859680883586,0.011204136069864035,7.4455833769739e-09,True,residual_tolerance,,,,,results/session-i-h100-20260926/remote/run-01/result.json,/to_tolerance/44
session-i-h100-20260926,NVIDIA H100 80GB HBM3,rediscretized,q96x3,mg32-modal8_muladd-node32,1,47775744,144574851,144324288,6,20,4.092541555175558,9.570859680883586,0.010839369148015976,7.445558083452197e-09,True,residual_tolerance,,,,,results/session-i-h100-20260926/remote/run-01/result.json,/to_tolerance/45
session-i-h100-20260926,NVIDIA H100 80GB HBM3,rediscretized,q96x3,mg32-fused_ai64-node32,1,47775744,144574851,144324288,6,20,4.002152940025553,9.570859680883586,0.010846849996596575,7.4455744857375345e-09,True,residual_tolerance,,,,,results/session-i-h100-20260926/remote/run-01/result.json,/to_tolerance/46
session-i-h100-20260926,NVIDIA H100 80GB HBM3,rediscretized,q96x3,mg64-modal8_muladd,1,47775744,144574851,144324288,6,20,6.8558594540227205,9.570859680883586,0.01136539806611836,7.445570945431971e-09,True,residual_tolerance,,,,,results/session-i-h100-20260926/remote/run-01/result.json,/to_tolerance/47
session-i-rtx4090-20260926,NVIDIA GeForce RTX 4090,rediscretized,q96x1,mg32-modal8_muladd-node32,0,1769472,5447811,5419584,5,24,0.309649967122823,5.152469867141917,0.002434500027447939,4.368407827083663e-09,True,residual_tolerance,,,,,results/session-i-rtx4090-20260926/remote/run-01/result.json,/to_tolerance/0
session-i-rtx4090-20260926,NVIDIA GeForce RTX 4090,rediscretized,q96x1,mg64-node,0,1769472,5447811,5419584,5,24,0.8752200400922447,5.152469867141917,0.0035133480560034513,4.368450385641417e-09,True,residual_tolerance,,,,,results/session-i-rtx4090-20260926/remote/run-01/result.json,/to_tolerance/1
session-i-rtx4090-20260926,NVIDIA GeForce RTX 4090,rediscretized,q96x1,mg64-fused_ai,0,1769472,5447811,5419584,5,24,0.753740246873349,5.152469867141917,0.0022843980696052313,4.368488079205453e-09,True,residual_tolerance,,,,,results/session-i-rtx4090-20260926/remote/run-01/result.json,/to_tolerance/2
session-i-rtx4090-20260926,NVIDIA GeForce RTX 4090,rediscretized,q96x1,mg32-node64-node32,0,1769472,5447811,5419584,5,24,0.37571840500459075,5.152469867141917,0.5727418989408761,4.368405791165086e-09,True,residual_tolerance,,,,,results/session-i-rtx4090-20260926/remote/run-01/result.json,/to_tolerance/3
session-i-rtx4090-20260926,NVIDIA GeForce RTX 4090,rediscretized,q96x1,mg64-modal8_muladd,0,1769472,5447811,5419584,5,24,0.5449398008640856,5.152469867141917,0.002555869985371828,4.368449355806984e-09,True,residual_tolerance,,,,,results/session-i-rtx4090-20260926/remote/run-01/result.json,/to_tolerance/4
session-i-rtx4090-20260926,NVIDIA GeForce RTX 4090,rediscretized,q96x1,mg32-fused_ai64-node32,0,1769472,5447811,5419584,5,24,0.35365493199788034,5.152469867141917,0.0027221711352467537,4.368390924881427e-09,True,residual_tolerance,,,,,results/session-i-rtx4090-20260926/remote/run-01/result.json,/to_tolerance/5
session-i-rtx4090-20260926,NVIDIA GeForce RTX 4090,rediscretized,q96x1,mg32-node64-node32,1,1769472,5447811,5419584,5,24,0.3770088548772037,5.152469867141917,0.5727418989408761,4.368405791165086e-09,True,residual_tolerance,,,,,results/session-i-rtx4090-20260926/remote/run-01/result.json,/to_tolerance/6
session-i-rtx4090-20260926,NVIDIA GeForce RTX 4090,rediscretized,q96x1,mg64-node,1,1769472,5447811,5419584,5,24,0.8753282600082457,5.152469867141917,0.0035133480560034513,4.368450385641417e-09,True,residual_tolerance,,,,,results/session-i-rtx4090-20260926/remote/run-01/result.json,/to_tolerance/7
session-i-rtx4090-20260926,NVIDIA GeForce RTX 4090,rediscretized,q96x1,mg64-modal8_muladd,1,1769472,5447811,5419584,5,24,0.5443671559914947,5.152469867141917,0.002555869985371828,4.368450739771549e-09,True,residual_tolerance,,,,,results/session-i-rtx4090-20260926/remote/run-01/result.json,/to_tolerance/8
session-i-rtx4090-20260926,NVIDIA GeForce RTX 4090,rediscretized,q96x1,mg64-fused_ai,1,1769472,5447811,5419584,5,24,0.7552695500198752,5.152469867141917,0.0022843980696052313,4.368407552154485e-09,True,residual_tolerance,,,,,results/session-i-rtx4090-20260926/remote/run-01/result.json,/to_tolerance/9
session-i-rtx4090-20260926,NVIDIA GeForce RTX 4090,rediscretized,q96x1,mg32-fused_ai64-node32,1,1769472,5447811,5419584,5,24,0.3511192121077329,5.152469867141917,0.0027221711352467537,4.368289829261416e-09,True,residual_tolerance,,,,,results/session-i-rtx4090-20260926/remote/run-01/result.json,/to_tolerance/10
session-i-rtx4090-20260926,NVIDIA GeForce RTX 4090,rediscretized,q96x1,mg32-modal8_muladd-node32,1,1769472,5447811,5419584,5,24,0.30962721607647836,5.152469867141917,0.002434500027447939,4.3684445542233824e-09,True,residual_tolerance,,,,,results/session-i-rtx4090-20260926/remote/run-01/result.json,/to_tolerance/11
session-i-rtx4090-20260926,NVIDIA GeForce RTX 4090,rediscretized,q64x2,mg32-fused_ai64-node32,0,4194304,12830211,12780288,5,14,0.42778588202781975,3.3783957939594984,0.002866772934794426,2.062357578656586e-09,True,residual_tolerance,,,,,results/session-i-rtx4090-20260926/remote/run-01/result.json,/to_tolerance/12
session-i-rtx4090-20260926,NVIDIA GeForce RTX 4090,rediscretized,q64x2,mg64-fused_ai,0,4194304,12830211,12780288,5,14,1.0823210801463574,3.3783957939594984,0.0026118499226868153,2.062328223862486e-09,True,residual_tolerance,,,,,results/session-i-rtx4090-20260926/remote/run-01/result.json,/to_tolerance/13
session-i-rtx4090-20260926,NVIDIA GeForce RTX 4090,rediscretized,q64x2,mg64-node,0,4194304,12830211,12780288,5,14,1.2441516588442028,3.3783957939594984,0.002924943109974265,2.0623290907732506e-09,True,residual_tolerance,,,,,results/session-i-rtx4090-20260926/remote/run-01/result.json,/to_tolerance/14
session-i-rtx4090-20260926,NVIDIA GeForce RTX 4090,rediscretized,q64x2,mg32-modal8_muladd-node32,0,4194304,12830211,12780288,5,14,0.37147929100319743,3.3783957939594984,0.0028627419378608465,2.062312124577019e-09,True,residual_tolerance,,,,,results/session-i-rtx4090-20260926/remote/run-01/result.json,/to_tolerance/15
session-i-rtx4090-20260926,NVIDIA GeForce RTX 4090,rediscretized,q64x2,mg32-node64-node32,0,4194304,12830211,12780288,5,14,0.462213221937418,3.3783957939594984,0.002718311036005616,2.0623322737771034e-09,True,residual_tolerance,,,,,results/session-i-rtx4090-20260926/remote/run-01/result.json,/to_tolerance/16
session-i-rtx4090-20260926,NVIDIA GeForce RTX 4090,rediscretized,q64x2,mg64-modal8_muladd,0,4194304,12830211,12780288,5,14,0.7923154379241168,3.3783957939594984,0.002881353022530675,2.0623019966755136e-09,True,residual_tolerance,,,,,results/session-i-rtx4090-20260926/remote/run-01/result.json,/to_tolerance/17
session-i-rtx4090-20260926,NVIDIA GeForce RTX 4090,rediscretized,q64x2,mg32-node64-node32,1,4194304,12830211,12780288,5,14,0.4623568030074239,3.3783957939594984,0.002718311036005616,2.0623322737771034e-09,True,residual_tolerance,,,,,results/session-i-rtx4090-20260926/remote/run-01/result.json,/to_tolerance/18
session-i-rtx4090-20260926,NVIDIA GeForce RTX 4090,rediscretized,q64x2,mg64-node,1,4194304,12830211,12780288,5,14,1.2478438059333712,3.3783957939594984,0.002924943109974265,2.0623290907732506e-09,True,residual_tolerance,,,,,results/session-i-rtx4090-20260926/remote/run-01/result.json,/to_tolerance/19
session-i-rtx4090-20260926,NVIDIA GeForce RTX 4090,rediscretized,q64x2,mg32-fused_ai64-node32,1,4194304,12830211,12780288,5,14,0.42871617805212736,3.3783957939594984,0.002866772934794426,2.0623199179867462e-09,True,residual_tolerance,,,,,results/session-i-rtx4090-20260926/remote/run-01/result.json,/to_tolerance/20
session-i-rtx4090-20260926,NVIDIA GeForce RTX 4090,rediscretized,q64x2,mg64-modal8_muladd,1,4194304,12830211,12780288,5,14,0.7931461539119482,3.3783957939594984,0.002881353022530675,2.062301847516361e-09,True,residual_tolerance,,,,,results/session-i-rtx4090-20260926/remote/run-01/result.json,/to_tolerance/21
session-i-rtx4090-20260926,NVIDIA GeForce RTX 4090,rediscretized,q64x2,mg64-fused_ai,1,4194304,12830211,12780288,5,14,1.0823730600532144,3.3783957939594984,0.0026118499226868153,2.062303187297734e-09,True,residual_tolerance,,,,,results/session-i-rtx4090-20260926/remote/run-01/result.json,/to_tolerance/22
session-i-rtx4090-20260926,NVIDIA GeForce RTX 4090,rediscretized,q64x2,mg32-modal8_muladd-node32,1,4194304,12830211,12780288,5,14,0.37103907694108784,3.3783957939594984,0.0028627419378608465,2.062318078998156e-09,True,residual_tolerance,,,,,results/session-i-rtx4090-20260926/remote/run-01/result.json,/to_tolerance/23
session-i-rtx4090-20260926,NVIDIA GeForce RTX 4090,rediscretized,q96x2,mg64-node,0,14155776,43022595,42910848,6,24,7.172029094072059,7.476307713892311,0.007976082852110267,4.431790486672024e-09,True,residual_tolerance,,,,,results/session-i-rtx4090-20260926/remote/run-01/result.json,/to_tolerance/24
session-i-rtx4090-20260926,NVIDIA GeForce RTX 4090,rediscretized,q96x2,mg64-modal8_muladd,0,14155776,43022595,42910848,6,24,4.59347496391274,7.476307713892311,0.008073483128100634,4.43184501724799e-09,True,residual_tolerance,,,,,results/session-i-rtx4090-20260926/remote/run-01/result.json,/to_tolerance/25
session-i-rtx4090-20260926,NVIDIA GeForce RTX 4090,rediscretized,q96x2,mg64-fused_ai,0,14155776,43022595,42910848,6,24,6.2610016209073365,7.476307713892311,0.007972381776198745,4.431923151134537e-09,True,residual_tolerance,,,,,results/session-i-rtx4090-20260926/remote/run-01/result.json,/to_tolerance/26
session-i-rtx4090-20260926,NVIDIA GeForce RTX 4090,rediscretized,q96x2,mg32-modal8_muladd-node32,0,14155776,43022595,42910848,6,24,2.1161737309303135,7.476307713892311,0.005146669922396541,4.431855540943872e-09,True,residual_tolerance,,,,,results/session-i-rtx4090-20260926/remote/run-01/result.json,/to_tolerance/27
session-i-rtx4090-20260926,NVIDIA GeForce RTX 4090,rediscretized,q96x2,mg32-fused_ai64-node32,0,14155776,43022595,42910848,6,24,2.4511130729224533,7.476307713892311,0.005157799925655127,4.431805144622397e-09,True,residual_tolerance,,,,,results/session-i-rtx4090-20260926/remote/run-01/result.json,/to_tolerance/28
session-i-rtx4090-20260926,NVIDIA GeForce RTX 4090,rediscretized,q96x2,mg32-node64-node32,0,14155776,43022595,42910848,6,24,2.634929911000654,7.476307713892311,0.005179611034691334,4.431854244467941e-09,True,residual_tolerance,,,,,results/session-i-rtx4090-20260926/remote/run-01/result.json,/to_tolerance/29
session-i-rtx4090-20260926,NVIDIA GeForce RTX 4090,rediscretized,q96x2,mg64-node,1,14155776,43022595,42910848,6,24,7.174820715095848,7.476307713892311,0.007976082852110267,4.431790486672024e-09,True,residual_tolerance,,,,,results/session-i-rtx4090-20260926/remote/run-01/result.json,/to_tolerance/30
session-i-rtx4090-20260926,NVIDIA GeForce RTX 4090,rediscretized,q96x2,mg32-fused_ai64-node32,1,14155776,43022595,42910848,6,24,2.450886008096859,7.476307713892311,0.005157799925655127,4.431780126256508e-09,True,residual_tolerance,,,,,results/session-i-rtx4090-20260926/remote/run-01/result.json,/to_tolerance/31
session-i-rtx4090-20260926,NVIDIA GeForce RTX 4090,rediscretized,q96x2,mg64-modal8_muladd,1,14155776,43022595,42910848,6,24,4.593788522994146,7.476307713892311,0.008073483128100634,4.4318406998093515e-09,True,residual_tolerance,,,,,results/session-i-rtx4090-20260926/remote/run-01/result.json,/to_tolerance/32
session-i-rtx4090-20260926,NVIDIA GeForce RTX 4090,rediscretized,q96x2,mg32-modal8_muladd-node32,1,14155776,43022595,42910848,6,24,2.1158374932128936,7.476307713892311,0.005146669922396541,4.431884672061375e-09,True,residual_tolerance,,,,,results/session-i-rtx4090-20260926/remote/run-01/result.json,/to_tolerance/33
session-i-rtx4090-20260926,NVIDIA GeForce RTX 4090,rediscretized,q96x2,mg32-node64-node32,1,14155776,43022595,42910848,6,24,2.634788094088435,7.476307713892311,0.005179611034691334,4.431854244467941e-09,True,residual_tolerance,,,,,results/session-i-rtx4090-20260926/remote/run-01/result.json,/to_tolerance/34
session-i-rtx4090-20260926,NVIDIA GeForce RTX 4090,rediscretized,q96x2,mg64-fused_ai,1,14155776,43022595,42910848,6,24,6.261869834037498,7.476307713892311,0.007972381776198745,4.431816998875547e-09,True,residual_tolerance,,,,,results/session-i-rtx4090-20260926/remote/run-01/result.json,/to_tolerance/35
