zenodo_file	logical_path	bytes	sha256	note
companion--hex-central-parity-20260923--files.tar.gz	companion/results/rescope/hex-central-parity-20260923/	416725	ad2cd8de9cdb2d307075c5b9ef9091fec99f517e6f0edc823849b4906633cb6e	all other files of the folder (see EXCLUDED.tsv)
companion--hex-modal-basis-20260923--files.tar.gz	companion/results/rescope/hex-modal-basis-20260923/	752	5c61beca80a1ae377dd0656284f4934144658a06304219fd0c48fe38c1e46e78	all other files of the folder (see EXCLUDED.tsv)
companion--hex-modal-cuda-20260923--rental-01__evidence.tar.gz	companion/results/rescope/hex-modal-cuda-20260923/rental-01/evidence.tar.gz	591696253	b836a2aba5f557289c5163158c3e468583facfbb6225efa495bc95e4e5a9fef3	sealed archive, unchanged
companion--hex-modal-cuda-20260923--files.tar.gz	companion/results/rescope/hex-modal-cuda-20260923/	225136223	9949251012f6eb24254aa444fe5450f1a4eba576676a69cf206a957f12407ced	all other files of the folder (see EXCLUDED.tsv)
companion--hex-modal-layout-20260923--files.tar.gz	companion/results/rescope/hex-modal-layout-20260923/	132400706	19d95ad6e3e2d314daf0576d4ed08fbc1b1cb58dc750a113a12c37ddf3373599	all other files of the folder (see EXCLUDED.tsv)
companion--hex-modal-layout-v2-20260923--rental-03__evidence.tar.gz	companion/results/rescope/hex-modal-layout-v2-20260923/rental-03/evidence.tar.gz	1097656387	abaae4d9b59e4418c7d3a8a78cf0d1e4c7b5bf352b6ff8962cc36b870175f3d1	sealed archive, unchanged
companion--hex-modal-layout-v2-20260923--files.tar.gz	companion/results/rescope/hex-modal-layout-v2-20260923/	132905919	e36bd9e8a12b23ed2a7697532cbd9b0bff4eb61c4917172e598b849668f90cd6	all other files of the folder (see EXCLUDED.tsv)
companion--hex-modal-libceed-resident-20260924--rental-01__evidence.tar.gz.part000	companion/results/rescope/hex-modal-libceed-resident-20260924/rental-01/evidence.tar.gz.part000	1572864000	87a3b2357e1e6a40e3c53a8e0a92ca8d3062d25bd2a6ecb07300c888bbceafa5	sealed archive, unchanged
companion--hex-modal-libceed-resident-20260924--rental-01__evidence.tar.gz.part001	companion/results/rescope/hex-modal-libceed-resident-20260924/rental-01/evidence.tar.gz.part001	1572864000	ca2ee06c8c001c29c9b410fdb5d16bc6f431c6003e53c931d43976c8bd45cc71	sealed archive, unchanged
companion--hex-modal-libceed-resident-20260924--rental-01__evidence.tar.gz.part002	companion/results/rescope/hex-modal-libceed-resident-20260924/rental-01/evidence.tar.gz.part002	1382311199	a4ad70a6e4b85c8636da6ebd4beda2d87448d6993437dc9ce4a922cf09d8692f	sealed archive, unchanged
companion--hex-modal-libceed-resident-20260924--files.tar.gz	companion/results/rescope/hex-modal-libceed-resident-20260924/	122336702	16467148605184e553e1285002ff1b5ef7ce9a739cacb92d2c0a84649184aa8e	all other files of the folder (see EXCLUDED.tsv)
companion--hex-modal-mg-bc-audit-20260923--files.tar.gz	companion/results/rescope/hex-modal-mg-bc-audit-20260923/	15633578	3a10ae86203300df86721ffed7f9ab587a9d27a30c8cd40fa86dd665b3b229f2	all other files of the folder (see EXCLUDED.tsv)
companion--hex-modal-mg-damping-control-20260923--files.tar.gz	companion/results/rescope/hex-modal-mg-damping-control-20260923/	664296690	5073add9bb8dbd7cdcf6316077acfebe367900d3ec39160b0b14ba6a0584809a	all other files of the folder (see EXCLUDED.tsv)
companion--hex-modal-mg-damping-gpu-20260923--rental-01__evidence.tar.gz	companion/results/rescope/hex-modal-mg-damping-gpu-20260923/rental-01/evidence.tar.gz	2127841163	576fa68aced3868fa62c009c83c28efa2c744bb97a58e588500799009e1f4dc0	sealed archive repacked without 29 Traeff et al. source files; original SHA-256 87858ade975fec894fc8715e9363769de29d9638ec104c6d2b0b8c1daae85967
companion--hex-modal-mg-damping-gpu-20260923--files.tar.gz	companion/results/rescope/hex-modal-mg-damping-gpu-20260923/	136700149	679303d111b61cd67fdb55aaf7c3621eaa5875bebb9eeb043c353e49372fe793	all other files of the folder (see EXCLUDED.tsv)
companion--hex-modal-mg-host-20260923--files.tar.gz	companion/results/rescope/hex-modal-mg-host-20260923/	8433451	c6b1de44a55e27ae10abba0a64438c164b28f8da311aa393aabde51964e06649	all other files of the folder (see EXCLUDED.tsv)
companion--hex-modal-mg-host-v2-20260923--files.tar.gz	companion/results/rescope/hex-modal-mg-host-v2-20260923/	10604262	d4462511e85e052d64681dc1fcb50b6ef80a9229f8f2166c18b830018564bfce	all other files of the folder (see EXCLUDED.tsv)
companion--hex-modal-mg-smoother-audit-20260923--files.tar.gz	companion/results/rescope/hex-modal-mg-smoother-audit-20260923/	68346845	6814a37e6af3b92580caab6f2e95d968687f407810453499a3cb6180eb19d23f	all other files of the folder (see EXCLUDED.tsv)
companion--hex-modal-priorart-20260923--files.tar.gz	companion/results/rescope/hex-modal-priorart-20260923/	1507061	3ba429b8760a42f767b64aa573d8f4a563b635c02d7943e1fd46fe29a116ce9a	all other files of the folder (see EXCLUDED.tsv)
companion--hex-modal-profile-20260923--rental-02__evidence.tar.gz	companion/results/rescope/hex-modal-profile-20260923/rental-02/evidence.tar.gz	238656	218d271b8e6048a96e6622b0d72f7df18aaa318601a138a18f87db59c7fc5e5c	sealed archive, unchanged
companion--hex-modal-profile-20260923--files.tar.gz	companion/results/rescope/hex-modal-profile-20260923/	618543	b4c1b3c0863c63121bb3bf0eb4fa721535422055a3aacb3153ff003bb72f6598	all other files of the folder (see EXCLUDED.tsv)
companion--hex-modal-profile-v2-20260923--rental-01__evidence.tar.gz	companion/results/rescope/hex-modal-profile-v2-20260923/rental-01/evidence.tar.gz	1320393018	775747bf9b530312b9600505d9b5a97f659b8c25723ee00c45263aed50acd86e	sealed archive, unchanged
companion--hex-modal-profile-v2-20260923--files.tar.gz	companion/results/rescope/hex-modal-profile-v2-20260923/	650915	ff8ce11c9ef614d23ddc6ae538c5273e31e1fd766bfe0f0f3de093edcb4b2a92	all other files of the folder (see EXCLUDED.tsv)
companion--hex-modal-readiness-20260923--files.tar.gz	companion/results/rescope/hex-modal-readiness-20260923/	16892	72bab494ebc2d0d9513404e0b101be63977940f01737b35dd9d2c3496d99c1f8	all other files of the folder (see EXCLUDED.tsv)
companion--hex-modal-replication-20260923--rental-01__evidence.tar.gz	companion/results/rescope/hex-modal-replication-20260923/rental-01/evidence.tar.gz	591693771	30d29fc655c5502c2022c949c877986106f15010b9542c2542550b198f139610	sealed archive, unchanged
companion--hex-modal-replication-20260923--files.tar.gz	companion/results/rescope/hex-modal-replication-20260923/	41313520	3505ff266969ea354ed633241a6f9786802addb6218b6f0c6d356819cce8e977	all other files of the folder (see EXCLUDED.tsv)
companion--hex-modal-signed-muladd-gpu-20260924--rental-01__evidence.tar.gz.part000	companion/results/rescope/hex-modal-signed-muladd-gpu-20260924/rental-01/evidence.tar.gz.part000	1572864000	6bca91a9d3c868a9e1031889191325cb3c7b1ef067f56f04b43f310ceddba5c4	sealed archive, unchanged
companion--hex-modal-signed-muladd-gpu-20260924--rental-01__evidence.tar.gz.part001	companion/results/rescope/hex-modal-signed-muladd-gpu-20260924/rental-01/evidence.tar.gz.part001	26934745	4960d40682f6042301b505326ae6da433601d2327e936431632948981e382ea2	sealed archive, unchanged
companion--hex-modal-signed-muladd-gpu-20260924--files.tar.gz	companion/results/rescope/hex-modal-signed-muladd-gpu-20260924/	120112196	062a5622e118e0e53743f02518acdfd5f743a8419c3bb3ad036104933a598e21	all other files of the folder (see EXCLUDED.tsv)
