zenodo_file	repository_path	bytes	sha256
session-a-20260923--voxel-session-a-evidence.tar.gz	results/session-a-20260923/voxel-session-a-evidence.tar.gz	1322433511	63b3666abe762f6ead6da5e6e50ecd6c6d305b3ee716997ae9c7f86143baeeb3
session-b-20260923--voxel-session_b-evidence.tar.gz.part000	results/session-b-20260923/voxel-session_b-evidence.tar.gz.part000	1572864000	132d53d061847e4ece1687795154072776bcad42f074f3fd54f301c925859960
session-b-20260923--voxel-session_b-evidence.tar.gz.part001	results/session-b-20260923/voxel-session_b-evidence.tar.gz.part001	147208236	bc2340e8dd5a6477046a99e84fc78f4d8ca9518a43d0ea2a7d255365777f99ad
session-c-20260923--voxel-session_c-evidence.tar.gz	results/session-c-20260923/voxel-session_c-evidence.tar.gz	973797038	08ba23312789170ec0c1692d188169ef79ff505b7d0e64846a3cc7ac3a3e28ed
session-d-20260923--voxel-session_d-evidence.tar.gz	results/session-d-20260923/voxel-session_d-evidence.tar.gz	660285603	8a6f02e99afbd10938791e62757dcc66a98ff3a09becbd4b78424d01b0bf587a
session-e-host1-20260925--voxel-session_e-evidence.tar.gz	results/session-e-host1-20260925/voxel-session_e-evidence.tar.gz	725872310	65fb57097332c00505f55e0cc8a8e442934e23c4af6412cc3438ef347be34a7b
session-e-host2-20260925--voxel-session_e-evidence.tar.gz	results/session-e-host2-20260925/voxel-session_e-evidence.tar.gz	725908197	18812b3e003435eb3d76461ddc9248166377eb7250bba74813ddbc69c721471e
session-g-host1-20260926--voxel-session_g-evidence.tar.gz	results/session-g-host1-20260926/voxel-session_g-evidence.tar.gz	13076955	6935f3768bef15e37fffa981d80f3b438b00a02c77c828939f94e1c323cb3ab2
session-g-host2-20260926--voxel-session_g-evidence.tar.gz	results/session-g-host2-20260926/voxel-session_g-evidence.tar.gz	13086617	e94e05f3fa22eec3e388a36cb81cbb97b2c7ee56649800e0157e0f23c256b8c6
session-h-host1-20260926--voxel-session_h-evidence.tar.gz	results/session-h-host1-20260926/voxel-session_h-evidence.tar.gz	8697140	09932d1edd2a170b50f73275524033b5ae5767fc9b1c2c2b3b82444a4a8975e0
session-h-host2-20260926--voxel-session_h-evidence.tar.gz	results/session-h-host2-20260926/voxel-session_h-evidence.tar.gz	8697518	596ca3203fc5923abaf829fc420f9e93adbbe15f47e80fb0fbb5e5bfc3de64b9
