case,path,profiled,replicate,iterations,matvec_calls,solver_seconds,product_event_seconds,independent_true_residual,physical_passed
smoke-q4,fused_ai_fp64,False,0,100,103,0.04704115027561784,,6.05313788961271e-14,True
smoke-q4,fused_fp64,True,0,100,103,0.050331082195043564,0.009964575923979282,8.533126940045356e-14,True
smoke-q4,node_fp64,True,0,100,103,0.05991742014884949,0.011600672006607056,6.595177542874422e-14,True
smoke-q4,modal8,True,0,100,103,0.0586364921182394,0.011404384061694145,6.388434003791328e-14,True
smoke-q4,node_fp64,False,0,100,103,0.04823796497657895,,6.595177542874422e-14,True
smoke-q4,modal8,False,0,100,103,0.053873554803431034,,5.988584937378399e-14,True
smoke-q4,fused_ai_fp64,True,0,100,103,0.0557087529450655,0.011534592121839523,6.282443622418167e-14,True
smoke-q4,dense8,False,0,100,103,0.05498228594660759,,8.984353075935336e-14,True
smoke-q4,fused_fp64,False,0,100,103,0.04344330681487918,,8.533126940045356e-14,True
smoke-q4,dense8,True,0,100,103,0.046819993294775486,0.009124351866543293,8.78741140571202e-14,True
optimized-q64,fused_fp64,False,0,4600,4693,4.523634422104806,,9.932309717073629e-09,True
optimized-q64,fused_ai_fp64,False,2,4600,4693,4.393748268019408,,9.931062246061579e-09,True
optimized-q64,dense8,False,2,4600,4693,4.441849994007498,,9.91960873291447e-09,True
optimized-q64,fused_ai_fp64,False,0,4600,4693,4.347891985904425,,9.748315498347811e-09,True
optimized-q64,modal8,True,0,4700,4795,3.9043161999434233,2.1792535611987116,4.176723050204543e-09,True
optimized-q64,modal8,False,2,4600,4693,3.789411887060851,,9.783421426836369e-09,True
optimized-q64,node_fp64,False,1,4600,4693,5.171168738976121,,9.80023879708474e-09,True
optimized-q64,node_fp64,True,0,4600,4693,5.185762734152377,3.470447874903679,9.80023879708474e-09,True
optimized-q64,node_fp64,False,2,4600,4693,5.1509583233855665,,9.80023879708474e-09,True
optimized-q64,fused_ai_fp64,True,0,4600,4693,4.452986113727093,2.719712449014187,9.722866662565545e-09,True
optimized-q64,dense8,False,0,4600,4693,4.484473192133009,,9.928988624608046e-09,True
optimized-q64,modal8,False,1,4600,4693,3.8251883378252387,,9.96362284902927e-09,True
optimized-q64,fused_ai_fp64,False,1,4600,4693,4.3979524141177535,,9.752325468594414e-09,True
optimized-q64,fused_fp64,True,0,4600,4693,4.601112960837781,2.875504384100437,9.91590889984484e-09,True
optimized-q64,fused_fp64,False,1,4600,4693,4.5746830850839615,,9.917989526314334e-09,True
optimized-q64,fused_fp64,False,2,4700,4795,4.644654782954603,,4.220400385795959e-09,True
optimized-q64,node_fp64,False,0,4600,4693,5.141255088150501,,9.80023879708474e-09,True
optimized-q64,modal8,False,0,4600,4693,3.8264063019305468,,9.772584832594358e-09,True
optimized-q64,dense8,True,0,4600,4693,4.502904720138758,2.778265764772892,9.634600226965803e-09,True
optimized-q64,dense8,False,1,4600,4693,4.46174436993897,,9.726191708499205e-09,True
optimized-q96,fused_fp64,True,0,6900,7039,23.296455503907055,15.226598239660262,7.831541454928389e-09,True
optimized-q96,modal8,False,1,6900,7039,20.313534669112414,,7.764113961212683e-09,True
optimized-q96,dense8,False,1,6900,7039,23.585257328115404,,7.922815461395545e-09,True
optimized-q96,modal8,False,0,6900,7039,20.310105071868747,,7.925649456791832e-09,True
optimized-q96,fused_fp64,False,0,6900,7039,23.298602022230625,,7.795310143674595e-09,True
optimized-q96,node_fp64,False,0,6900,7039,26.602854477241635,,8.030261543984077e-09,True
optimized-q96,dense8,True,0,6900,7039,23.55193577799946,15.468643385648727,7.81663161684297e-09,True
optimized-q96,fused_fp64,False,1,6900,7039,23.32256066193804,,7.898032702616335e-09,True
optimized-q96,node_fp64,False,2,6900,7039,26.672775282990187,,8.030261543984077e-09,True
optimized-q96,fused_ai_fp64,True,0,6900,7039,23.112397378776222,14.988861186027528,7.72950138697103e-09,True
optimized-q96,node_fp64,True,0,6900,7039,26.681240287143737,18.556313106536866,8.030261543984077e-09,True
optimized-q96,dense8,False,2,6900,7039,23.55766826402396,,7.746602332373171e-09,True
optimized-q96,fused_ai_fp64,False,2,6900,7039,23.093334407079965,,7.795869467564846e-09,True
optimized-q96,fused_ai_fp64,False,1,6900,7039,23.042442459147424,,7.867542736673163e-09,True
optimized-q96,dense8,False,0,6900,7039,23.530780624132603,,7.800217016009747e-09,True
optimized-q96,fused_ai_fp64,False,0,6900,7039,23.042402761988342,,7.862862928747186e-09,True
optimized-q96,fused_fp64,False,2,6900,7039,23.24425185006112,,7.663955846178869e-09,True
optimized-q96,modal8,False,2,6900,7039,20.28863405715674,,7.731622494211537e-09,True
optimized-q96,node_fp64,False,1,6900,7039,26.6239076401107,,8.030261543984077e-09,True
optimized-q96,modal8,True,0,6900,7039,20.382983970921487,12.2719369494915,7.795238851991664e-09,True
uniform-q64,node_fp64,False,0,1050,1072,1.2156279268674552,,3.944091702104967e-09,True
uniform-q64,node_fp64,True,0,1050,1072,1.2238530898466706,0.7893314893841743,3.944091702104967e-09,True
uniform-q64,fused_ai_fp64,False,2,1050,1072,1.0404044450260699,,3.953233682226381e-09,True
uniform-q64,dense8,False,2,1050,1072,1.047178286127746,,3.942552770891738e-09,True
uniform-q64,fused_fp64,False,0,1050,1072,1.0704454462975264,,3.930839664757488e-09,True
uniform-q64,modal8,False,2,1050,1072,0.9149900968186557,,3.9477983932877936e-09,True
uniform-q64,node_fp64,False,1,1050,1072,1.210758874192834,,3.944091702104967e-09,True
uniform-q64,node_fp64,False,2,1050,1072,1.2092364882119,,3.944091702104967e-09,True
uniform-q64,modal8,True,0,1050,1072,0.9091320289298892,0.4842585269510746,3.9477508701662175e-09,True
uniform-q64,fused_ai_fp64,True,0,1050,1072,1.0477041429840028,0.6172998400330544,3.938861383501167e-09,True
uniform-q64,dense8,True,0,1050,1072,1.0615823371335864,0.6313693119883538,3.934801042523354e-09,True
uniform-q64,fused_fp64,False,2,1050,1072,1.0787975918501616,,3.939131789220537e-09,True
uniform-q64,dense8,False,1,1050,1072,1.0648111538030207,,3.9457762265971415e-09,True
uniform-q64,fused_fp64,False,1,1050,1072,1.0807584938593209,,3.93141497052001e-09,True
uniform-q64,fused_fp64,True,0,1050,1072,1.089441784657538,0.6545235204100609,3.931629769212937e-09,True
uniform-q64,dense8,False,0,1050,1072,1.062150405254215,,3.953322827745891e-09,True
uniform-q64,modal8,False,1,1050,1072,0.9017995460890234,,3.9404442291783405e-09,True
uniform-q64,modal8,False,0,1050,1072,0.9186577489599586,,3.9299875837131864e-09,True
uniform-q64,fused_ai_fp64,False,0,1050,1072,1.0413064938038588,,3.950693554011686e-09,True
uniform-q64,fused_ai_fp64,False,1,1050,1072,1.0458186501637101,,3.930584343810614e-09,True
